Type,Jour,Mois,An,Transect,Repetition,Nom_sientifique,Genus,Spp,Nom_vernaculari,N_ind,N_juv,N_ad,N_m,N_f,Angle,Dis,Habitat
Diurnal,16,12,2020,1,1,Propithecus_candidus,Propithecus,candidus,Simpona,3,1,2,1,1,60,8,Primary
Diurnal,16,12,2020,2,1,Eulemur_rubriventer,Eulemur,rubriventer,Tongona,2,0,2,1,1,30,20,Primary
Diurnal,17,12,2020,1,2,NA,NA,NA,NA,0,0,0,0,0,NA,NA,Primary
Diurnal,18,12,2020,2,2,NA,NA,NA,NA,0,0,0,0,0,NA,NA,Primary
Diurnal,18,12,2020,2,2,NA,NA,NA,NA,0,0,0,0,0,NA,NA,Primary
Diurnal,19,12,2020,1,3,Propithecus_candidus,Propithecus,candidus,Simpona,3,1,2,1,1,20,25,Primary
Diurnal,19,12,2020,1,3,NA,NA,NA,NA,0,0,0,0,0,NA,NA,Primary
Diurnal,21,12,2020,2,3,Eulemur_albifrons,Eulemur,albifrons,Akomba Fotsy Loha,6,1,5,2,3,30,20,Primary
Diurnal,12,6,2022,2,4,NA,NA,NA,NA,0,0,0,0,0,NA,NA,Primary
Diurnal,13,6,2022,1,4,Eulemur_albifrons,Eulemur,albifrons,Akomba Fotsy Loha,6,1,NA,3,3,70,20,Primary
Diurnal,13,6,2022,1,4,Hapalemur_occidentalis,Hapalemur,occidentalis,Bokombolo,3,NA,NA,NA,NA,20,10,Primary
Diurnal,13,6,2022,3,1,NA,NA,NA,NA,0,0,0,0,0,NA,NA,Primary
Diurnal,14,6,2022,2,5,Eulemur_albifrons,Eulemur,albifrons,Akomba Fotsy Loha,NA,NA,NA,1,NA,70,16,Primary
Diurnal,14,6,2022,1,5,Propithecus_candidus,Propithecus,candidus,NA,3,NA,NA,1,2,80,20,Primary
Diurnal,14,6,2022,1,5,Hapalemur_occidentalis,Hapalemur,occidentalis,Bokombolo,1,NA,NA,NA,NA,20,15,Primary
Diurnal,15,6,2022,3,2,Eulemur_rubriventer,Eulemur,rubriventer,Tongona,1,NA,NA,1,NA,60,18,Primary
Diurnal,15,6,2022,2,6,NA,NA,NA,NA,0,0,0,0,0,NA,NA,Primary
Diurnal,16,6,2022,1,6,NA,NA,NA,NA,0,0,0,0,0,NA,NA,Primary
Diurnal,16,6,2022,3,3,Eulemur_rubriventer,Eulemur,rubriventer,Tongona,4,NA,NA,1,3,70,12,Primary
Diurnal,16,6,2022,3,3,Hapalemur_occidentalis,Hapalemur,occidentalis,Bokombolo,5,NA,NA,NA,NA,80,15,Primary
Diurnal,17,6,2022,2,7,NA,NA,NA,NA,0,0,0,0,0,NA,NA,Primary
Diurnal,17,6,2022,1,7,NA,NA,NA,NA,0,0,0,0,0,NA,NA,Primary
Diurnal,18,6,2022,3,4,Propithecus_candidus,Propithecus,candidus,Simpona,2,1,NA,1,1,0,0,Primary
Diurnal,18,6,2022,3,4,Eulemur_rubriventer,Eulemur,rubriventer,Tongona,2,1,NA,1,1,90,23,Primary
Diurnal,18,6,2022,2,8,NA,NA,NA,NA,0,0,0,0,0,NA,NA,Primary
Diurnal,20,6,2022,1,8,Propithecus_candidus,Propithecus,candidus,Simpona,3,NA,NA,1,2,0,0,Primary
Diurnal,20,6,2022,3,5,Eulemur_albifrons,Eulemur,albifrons,Akomba Fotsy Loha,5,NA,NA,1,4,100,15,Primary
Diurnal,20,6,2022,3,5,Hapalemur_occidentalis,Hapalemur,occidentalis,Bokombolo,NA,NA,NA,NA,NA,NA,NA,Primary
Diurnal,22,6,2022,2,9,Eulemur_rubriventer,Eulemur,rubriventer,Tongona,3,NA,NA,1,2,90,8,Primary
Diurnal,22,6,2022,1,9,Propithecus_candidus,Propithecus,candidus,Simpona,3,NA,NA,1,2,0,0,Primary
Diurnal,23,6,2022,4,1,Eulemur_albifrons,Eulemur,albifrons,Akomba Fotsy Loha,6,NA,NA,3,3,300,10,Primary
Diurnal,23,6,2022,3,6,Eulemur_rubriventer,Eulemur,rubriventer,Tongona,2,1,NA,1,1,290,10,Primary
Diurnal,23,6,2022,3,6,Eulemur_albifrons,Eulemur,albifrons,Akomba Fotsy Loha,2,NA,NA,1,1,340,8,Primary
Diurnal,24,6,2022,2,10,NA,NA,NA,NA,NA,NA,NA,NA,NA,NA,NA,Primary
Diurnal,24,6,2022,1,10,Hapalemur_occidentalis,Hapalemur,occidentalis,Bokombolo,1,NA,NA,1,NA,90,10,Primary
Diurnal,24,6,2022,1,10,Eulemur_rubriventer,Eulemur,rubriventer,Tongona,2,NA,NA,1,1,320,12,Primary
Diurnal,24,6,2022,1,10,Eulemur_rubriventer,Eulemur,rubriventer,Tongona,2,NA,NA,1,1,80,8,Primary
Diurnal,25,6,2022,3,7,NA,NA,NA,NA,0,0,0,0,0,NA,NA,Primary
Diurnal,27,6,2022,3,8,Eulemur_rubriventer,Eulemur,rubriventer,Tongona,1,NA,NA,1,NA,90,15,Primary
Diurnal,28,6,2022,1,11,Propithecus_candidus,Propithecus,candidus,Simpona,1,NA,NA,NA,NA,288,20,Primary
Diurnal,28,6,2022,2,11,NA,NA,NA,NA,0,0,0,0,0,NA,NA,Primary
Diurnal,30,6,2022,4,2,NA,NA,NA,NA,0,0,0,0,0,NA,NA,Primary
diurnal,26,7,2023,2,11,NA,NA,NA,NA,0,0,0,0,0,NA,NA,Primary
Diurnal,1,7,2022,3,9,NA,NA,NA,NA,0,0,0,0,0,NA,NA,Primary
Diurnal,30,6,2022,2,12,NA,NA,NA,NA,0,0,0,0,0,NA,NA,Primary
Diurnal,2,7,2022,1,12,Eulemur_rubriventer,Eulemur,rubriventer,Tongona,4,NA,NA,2,2,0,2,Primary
Diurnal,3,7,2022,4,3,Propithecus_candidus,Propithecus,candidus,Simpona,2,0,NA,1,1,0,2,Primary
Diurnal,4,7,2022,1,13,NA,NA,NA,NA,0,0,0,0,0,NA,NA,Primary
diurnal,28,7,2023,2,12,Eulemur_rubriventer,Eulemur,rubriventer,Tongona,2,0,2,1,1,90,15,Primary
Diurnal,5,7,2022,3,10,NA,NA,NA,NA,0,0,0,0,0,NA,NA,Primary
Diurnal,5,7,2022,4,4,Propithecus_candidus,Propithecus,candidus,Simpona,3,NA,NA,1,2,0,0,Primary
Diurnal,1,7,2022,2,13,NA,NA,NA,NA,0,0,0,0,0,NA,NA,Primary
Diurnal,7,7,2022,4,5,NA,NA,NA,NA,0,0,0,0,0,NA,NA,Primary
Diurnal,7,7,2022,3,11,NA,NA,NA,NA,0,0,0,0,0,NA,NA,Primary
Diurnal,4,7,2022,2,13,NA,NA,NA,NA,0,0,0,0,0,NA,NA,Primary
Diurnal,8,7,2022,1,14,Propithecus_candidus,Propithecus,candidus,Simpona,3,NA,NA,1,2,320,10,Primary
Diurnal,27,6,2023,4,5,NA,NA,NA,NA,0,0,0,0,0,NA,NA,Primary
Diurnal,11,7,2022,1,15,NA,NA,NA,NA,0,0,0,0,0,NA,NA,Primary
Diurnal,29,7,2023,2,13,NA,NA,NA,NA,0,0,0,0,0,NA,NA,Primary
Diurnal,9,7,2022,4,6,Eulemur_albifrons,Eulemur,albifrons,Akomba Fotsy Loha,5,NA,NA,2,3,300,10,Primary
Diurnal,12,7,2022,3,12,NA,NA,NA,NA,0,0,0,0,0,NA,NA,Primary
Diurnal,13,7,2022,1,16,Hapalemur_occidentalis,Hapalemur,occidentalis,Bokombolo,1,NA,NA,NA,NA,60,20,Primary
Diurnal,6,7,2022,2,15,Eulemur_rubriventer,Eulemur,rubriventer,Tongona,NA,NA,NA,1,NA,0,0,Primary
Diurnal,1,7,2023,4,6,NA,NA,NA,NA,0,0,0,0,0,NA,NA,Primary
Diurnal,14,7,2022,3,13,NA,NA,NA,NA,0,0,0,0,0,NA,0,Primary
Diurnal,8,7,2022,2,16,NA,NA,NA,NA,0,0,0,0,0,NA,NA,Primary
Diurnal,11,7,2022,2,17,NA,NA,NA,NA,0,0,0,0,0,NA,NA,Primary
Diurnal,15,7,2022,1,17,NA,NA,NA,NA,0,0,0,0,0,NA,NA,Primary
Diurnal,16,7,2022,3,14,NA,NA,NA,NA,0,0,0,0,0,NA,NA,Primary
Diurnal,12,7,2022,4,7,NA,NA,NA,NA,0,0,0,0,0,NA,NA,Primary
Diurnal,13,7,2022,2,18,NA,NA,NA,NA,0,0,0,0,0,NA,0,Primary
Diurnal,18,7,2022,1,18,NA,NA,NA,NA,0,0,0,0,0,NA,NA,Primary
Diurnal,6,7,2023,4,7,Eulemur_rubriventer,Eulemur,rubriventer,Tongona,3,1,2,1,1,90,25,Primary
Diurnal,25,7,2023,3,14,Eulemur_rubriventer,Eulemur,rubriventer,Tongona,2,0,2,1,1,181,21,Primary
Diurnal,15,7,2022,2,19,Eulemur_rubriventer,Eulemur,rubriventer,Tongona,1,NA,NA,1,NA,0,0,Primary
Diurnal,20,7,2022,1,19,Eulemur_rubriventer,Eulemur,rubriventer,Tongona,2,NA,NA,1,1,0,0,Primary
Diurnal,25,7,2023,3,14,Hapalemur_occidentalis,Hapalemur,occidentalis,Bokombolo,2,0,2,NA,NA,40,25,Primary
Diurnal,6,7,2023,4,7,Eulemur_rubriventer,Eulemur,rubriventer,Tongona,3,1,2,1,1,90,30,Primary
Diurnal,22,7,2022,1,20,NA,NA,NA,NA,0,0,0,0,0,NA,NA,Primary
Diurnal,15,7,2022,2,19,Eulemur_rubriventer,Eulemur,rubriventer,Tongona,2,NA,NA,NA,NA,90,20,Primary
Diurnal,25,7,2023,3,14,Eulemur_albifrons,Eulemur,albifrons,Akomba Fotsy Loha,3,1,2,1,2,0,0,Primary
Diurnal,14,7,2022,4,8,NA,NA,NA,NA,0,0,0,0,0,NA,0,Primary
Diurnal,7,7,2023,4,8,NA,NA,NA,NA,0,0,0,0,0,NA,NA,Primary
Diurnal,25,7,2022,1,21,Eulemur_rubriventer,Eulemur,rubriventer,Tongona,2,NA,NA,1,1,0,0,Primary
Diurnal,25,7,2022,1,21,Propithecus_candidus,Propithecus,candidus,Simpona,3,NA,NA,1,2,90,7,Primary
Diurnal,27,7,2022,1,22,Eulemur_albifrons,Eulemur,albifrons,Akomba Fotsy Loha,5,NA,NA,3,2,285,5,Primary
Diurnal,18,7,2022,2,20,NA,NA,NA,NA,0,0,0,0,0,NA,NA,Primary
Diurnal,28,7,2022,1,23,NA,NA,NA,NA,0,0,0,0,0,NA,NA,Primary
Diurnal,16,7,2022,4,9,NA,NA,NA,NA,0,0,0,0,0,NA,NA,Primary
Diurnal,19,7,2022,4,10,NA,NA,NA,NA,0,0,0,0,0,NA,NA,Primary
Diurnal,19,7,2022,3,15,NA,NA,NA,NA,0,0,0,0,0,NA,NA,Primary
Diurnal,21,7,2022,4,11,NA,NA,NA,NA,0,0,0,0,0,NA,NA,Primary
Diurnal,20,7,2022,2,21,NA,NA,NA,NA,0,0,0,0,0,NA,NA,Primary
Diurnal,23,7,2022,4,12,NA,NA,NA,NA,0,0,0,0,0,NA,NA,Primary
Diurnal,2,8,2022,1,24,NA,NA,NA,NA,0,0,0,0,0,NA,NA,Primary
Diurnal,22,7,2022,2,22,NA,NA,NA,NA,0,0,0,0,0,NA,NA,Primary
Diurnal,25,7,2022,4,13,NA,NA,NA,NA,0,0,0,0,0,NA,NA,Primary
Diurnal,28,7,2022,4,14,NA,NA,NA,NA,0,0,0,0,0,NA,NA,Primary
Diurnal,28,7,2023,3,15,NA,NA,NA,NA,0,0,0,0,0,NA,NA,Primary
Diurnal,4,8,2022,1,25,Propithecus_candidus,Propithecus,candidus,Simpona,3,NA,NA,1,2,250,4,Primary
Diurnal,27,7,2022,2,23,NA,NA,NA,NA,0,0,0,0,0,NA,NA,Primary
Diurnal,21,7,2022,3,16,NA,NA,NA,NA,0,0,0,0,0,NA,NA,Primary
Diurnal,29,7,2022,4,15,NA,NA,NA,NA,0,0,0,0,0,NA,NA,Primary
Diurnal,30,7,2022,4,16,NA,NA,NA,NA,0,0,0,0,0,NA,NA,Primary
Diurnal,6,8,2022,1,26,NA,NA,NA,NA,0,0,0,0,0,NA,NA,Primary
Diurnal,8,8,2022,1,27,NA,NA,NA,NA,0,0,0,0,0,NA,NA,Primary
Diurnal,1,8,2022,4,17,NA,NA,NA,NA,0,0,0,0,0,NA,NA,Primary
Diurnal,23,7,2022,3,17,NA,NA,NA,NA,0,0,0,0,0,NA,NA,Primary
Diurnal,9,8,2022,1,28,NA,NA,NA,NA,0,0,0,0,0,NA,NA,Primary
Diurnal,30,7,2022,3,18,NA,NA,NA,NA,0,0,0,0,0,NA,NA,Primary
Diurnal,25,7,2023,4,17,NA,NA,NA,NA,0,0,0,0,0,NA,NA,Primary
Diurnal,1,8,2022,2,24,NA,NA,NA,NA,0,0,0,0,0,NA,NA,Primary
Diurnal,2,8,2022,2,25,NA,NA,NA,NA,0,0,0,0,0,NA,NA,Primary
Diurnal,12,8,2022,1,29,NA,NA,NA,NA,0,0,0,0,0,NA,NA,Primary
Diurnal,13,6,2023,1,30,NA,NA,NA,NA,0,0,0,0,0,NA,NA,Primary
Diurnal,4,8,2022,2,26,NA,NA,NA,NA,0,0,0,0,0,NA,NA,Primary
Diurnal,3,8,2022,3,19,NA,NA,NA,NA,0,0,0,0,0,NA,NA,Primary
Diurnal,3,8,2022,4,18,Propithecus_candidus,Propithecus,candidus,Simpona,3,NA,NA,1,2,40,3,Primary
Diurnal,3,8,2022,4,18,Eulemur_albifrons,Eulemur,albifrons,Akomba Fotsy Loha,1,NA,NA,1,NA,290,10,Primary
Diurnal,11,8,2022,2,27,NA,NA,NA,NA,0,0,0,0,0,NA,NA,Primary
Diurnal,15,6,2023,1,31,NA,NA,NA,NA,0,0,0,0,0,NA,NA,Primary
Diurnal,5,8,2022,3,20,NA,NA,NA,NA,0,0,0,0,0,NA,NA,Primary
Diurnal,11,8,2022,2,27,NA,NA,NA,NA,0,0,0,0,0,NA,NA,Primary
Diurnal,17,6,2023,1,32,NA,NA,NA,NA,0,0,0,0,0,NA,NA,Primary
Diurnal,5,8,2022,4,19,NA,NA,NA,NA,0,0,0,0,0,NA,NA,Primary
Diurnal,13,6,2023,2,28,NA,NA,NA,NA,0,0,0,0,0,NA,NA,Primary
Diurnal,17,6,2023,1,32,NA,NA,NA,NA,0,0,0,0,0,NA,NA,Primary
Diurnal,6,8,2022,4,20,NA,NA,NA,NA,0,0,0,0,0,NA,NA,Primary
Diurnal,9,8,2022,3,21,Eulemur_rubriventer,Eulemur,rubriventer,Tongona,3,NA,NA,2,1,120,10,Primary
Diurnal,15,6,2023,2,29,Eulemur_albifrons,Eulemur,albifrons,Akomba Fotsy Loha,3,0,3,1,2,90,7,Primary
Diurnal,16,6,2023,2,30,NA,NA,NA,NA,0,0,0,0,0,NA,NA,Primary
Diurnal,20,6,2023,1,33,Eulemur_rubriventer,Eulemur,rubriventer,Tongona,3,1,2,1,2,80,9,Primary
Diurnal,10,8,2022,3,22,NA,NA,NA,NA,0,0,0,0,0,NA,NA,Primary
Diurnal,14,6,2023,3,23,Propithecus_candidus,Propithecus,candidus,Simpona,2,0,2,0,0,90,30,Primary
Diurnal,16,6,2023,3,24,Eulemur_rubriventer,Eulemur,rubriventer,Tongona,4,0,4,1,3,0,0,Primary
Diurnal,19,6,2023,3,25,NA,NA,NA,NA,0,0,0,0,0,NA,NA,Primary
Diurnal,8,8,2022,4,21,NA,NA,NA,NA,0,0,0,0,0,NA,NA,Primary
Diurnal,10,8,2022,4,22,NA,NA,NA,NA,0,0,0,0,0,NA,NA,Primary
Diurnal,21,6,2023,1,34,Eulemur_rubriventer,Eulemur,rubriventer,Tongona,3,1,2,1,2,0,0,Primary
Diurnal,17,6,2023,2,31,Eulemur_rubriventer,Eulemur,rubriventer,Tongona,2,0,2,1,1,310,15,Primary
Diurnal,22,6,2023,1,35,NA,NA,NA,NA,NA,NA,NA,NA,NA,NA,NA,Primary
Diurnal,20,6,2023,2,32,Eulemur_albifrons,Eulemur,albifrons,Akomba Fotsy Loha,7,0,7,3,4,90,3,Primary
Diurnal,22,6,2023,1,36,Hapalemur_occidentalis,Hapalemur,occidentalis,Bokombolo,1,0,1,NA,NA,90,8,Primary
Diurnal,21,6,2023,3,26,Propithecus_candidus,Propithecus,candidus,Simpona,1,0,1,0,0,60,7,Primary
Diurnal,21,6,2023,3,26,Eulemur_rubriventer,Eulemur,rubriventer,Tongona,1,0,1,0,1,90,8,Primary
Diurnal,21,6,2023,3,26,Eulemur_rubriventer,Eulemur,rubriventer,Tongona,3,1,2,1,1,110,25,Primary
Diurnal,21,6,2023,3,26,Eulemur_albifrons,Eulemur,albifrons,Akomba Fotsy Loha,5,0,5,2,3,0,0,Primary
Diurnal,24,6,2023,1,37,NA,NA,NA,NA,0,0,0,0,0,NA,NA,Primary
Diurnal,14,6,2023,4,23,Eulemur_albifrons,Eulemur,albifrons,Akomba Fotsy Loha,11,0,11,5,6,0,0,Primary
Diurnal,20,6,2023,2,32,Eulemur_rubriventer,Eulemur,rubriventer,Tongona,2,0,2,1,1,100,15,Primary
Diurnal,29,6,2023,1,38,NA,NA,NA,NA,0,0,0,0,0,NA,NA,Primary
Diurnal,23,6,2023,3,27,Eulemur_albifrons,Eulemur,albifrons,Akomba Fotsy Loha,3,0,3,1,2,70,5,Primary
Diurnal,23,6,2023,3,27,Hapalemur_occidentalis,Hapalemur,occidentalis,Bokombolo,3,0,3,0,0,102,15,Primary
Diurnal,24,6,2023,3,27,Eulemur_albifrons,Eulemur,albifrons,Akomba Fotsy Loha,3,0,3,1,2,70,5,Primary
Diurnal,14,6,2023,4,23,Eulemur_rubriventer,Eulemur,rubriventer,Tongona,2,0,2,1,1,270,15,Primary
Diurnal,21,6,2023,2,33,NA,NA,NA,NA,0,0,0,0,0,NA,NA,Primary
Diurnal,23,6,2023,3,27,Hapalemur_occidentalis,Hapalemur,occidentalis,Bokombolo,4,0,4,0,0,102,15,Primary
Diurnal,29,6,2023,3,28,Propithecus_candidus,Propithecus,candidus,Simpona,3,0,3,1,2,60,15,Primary
Diurnal,4,7,2023,1,39,NA,NA,NA,NA,0,0,0,0,0,NA,NA,Primary
Diurnal,17,6,2023,4,24,NA,NA,NA,NA,0,0,0,0,0,NA,NA,Primary
Diurnal,19,6,2023,4,25,Propithecus_candidus,Propithecus,candidus,Simpona,3,1,2,1,1,90,9,Primary
Diurnal,7,7,2023,1,40,Propithecus_candidus,Propithecus,candidus,Simpona,2,0,2,1,1,0,0,Primary
Diurnal,7,7,2023,1,40,Eulemur_rubriventer,Eulemur,rubriventer,Tongona,2,0,2,2,0,200,12,Primary
Diurnal,21,6,2023,4,26,Propithecus_candidus,Propithecus,candidus,Simpona,3,1,2,1,1,20,15,Primary
Diurnal,29,6,2023,3,28,Propithecus_candidus,Propithecus,candidus,Simpona,5,0,5,2,3,320,8,Primary
Diurnal,30,6,2023,3,29,Eulemur_rubriventer,Eulemur,rubriventer,Tongona,3,0,3,1,2,0,0,Primary
Diurnal,21,6,2023,4,26,Eulemur_rubriventer,Eulemur,rubriventer,Tongona,2,0,2,1,1,100,25,Primary
Diurnal,12,7,2023,4,32,Hapalemur_occidentalis,Hapalemur,occidentalis,Bokombolo,3,0,3,0,0,40,8,Primary
Diurnal,12,7,2023,1,41,Propithecus_candidus,Propithecus,candidus,simpona,2,0,2,1,1,90,30,Primary
Diurnal,12,7,2023,4,32,Eulemur_rubriventer,Eulemur,rubriventer,Tongona,3,0,3,2,1,300,7,Primary
Diurnal,4,7,2023,3,30,Eulemur_rubriventer,Eulemur,rubriventer,Tongona,3,0,3,1,2,NA,NA,Primary
Diurnal,13,7,2023,1,42,Eulemur_rubriventer,Eulemur,rubriventer,Tongona,2,0,2,1,1,0,0,Primary
Diurnal,22,6,2023,2,34,NA,NA,NA,NA,NA,NA,NA,NA,NA,NA,NA,Primary
Diurnal,13,7,2023,4,33,Eulemur_rubriventer,Eulemur,rubriventer,Tongona,2,0,2,1,1,0,0,Primary
Diurnal,15,7,2023,1,43,NA,NA,NA,NA,0,0,0,0,0,NA,NA,Primary
Diurnal,14,7,2023,4,34,NA,NA,NA,NA,0,0,0,0,0,NA,NA,Primary
Diurnal,4,7,2023,3,30,Eulemur_rubriventer,Eulemur,rubriventer,Tongona,4,0,4,2,2,NA,NA,Primary
Diurnal,17,7,2023,4,35,NA,NA,NA,NA,0,0,0,0,0,NA,NA,Primary
Diurnal,19,7,2023,4,36,Hapalemur_occidentalis,Hapalemur,occidentalis,Bokombolo,2,0,2,0,0,80,7,Primary
Diurnal,19,7,2023,4,36,Eulemur_rubriventer,Eulemur,rubriventer,Tongona,2,0,2,1,1,60,5,Primary
Diurnal,21,7,2023,4,37,NA,NA,NA,NA,0,0,0,0,0,NA,NA,Primary
Diurnal,11,7,2023,3,31,Eulemur_rubriventer,Eulemur,rubriventer,Tongona,1,0,1,1,0,0,0,Primary
Diurnal,21,7,2023,4,38,NA,NA,NA,NA,0,0,0,0,0,NA,NA,Primary
Diurnal,11,7,2023,3,31,Eulemur_rubriventer,Eulemur,rubriventer,Tongona,1,0,1,1,0,NA,NA,Primary
Diurnal,13,7,2023,3,33,NA,NA,NA,NA,0,0,0,0,0,NA,NA,Primary
Diurnal,17,7,2023,3,34,Hapalemur_occidentalis,Hapalemur,occidentalis,Bokombolo,2,NA,2,NA,NA,270,15,Primary
Diurnal,28,6,2023,2,35,Eulemur_albifrons,Eulemur,albifrons,Akomba Fotsy Loha,6,0,6,1,5,270,23,Primary
Diurnal,27,7,2023,1,15,NA,NA,NA,NA,0,0,0,0,0,NA,NA,Primary
Diurnal,3,7,2023,2,36,NA,NA,NA,NA,0,0,0,0,0,NA,NA,Primary
Diurnal,23,7,2023,3,35,Hapalemur_occidentalis,Hapalemur,occidentalis,Bokombolo,2,NA,2,NA,NA,100,8,Primary
Diurnal,14,7,2023,2,37,Eulemur_rubriventer,Eulemur,rubriventer,Tongona,2,0,2,1,1,300,15,Primary
Diurnal,31,7,2023,2,41,NA,NA,NA,NA,NA,NA,NA,NA,NA,NA,NA,Primary
Diurnal,31,7,2023,3,38,NA,NA,NA,NA,NA,NA,NA,NA,NA,NA,NA,Primary
Diurnal,2,8,2023,1,45,NA,NA,NA,NA,NA,NA,NA,NA,NA,NA,NA,Primary
Diurnal,2,8,2023,2,42,NA,NA,NA,NA,NA,NA,NA,NA,NA,NA,NA,Primary
Diurnal,3,8,2023,4,40,NA,NA,NA,NA,NA,NA,NA,NA,NA,NA,NA,Primary
Diurnal,4,8,2023,3,39,Propithecus_candidus,Propithecus,candidus,Simpona,3,1,3,1,1,90,22,Primary
Diurnal,4,8,2023,3,39,Eulemur_albifrons,Eulemur,albifrons,Akomba Fotsy Loha,2,0,2,1,1,80,15,Primary
Diurnal,4,8,2023,3,39,Hapalemur_occidentalis,Hapalemur,occidentalis,Bokombolo,2,0,2,NA,NA,280,12,Primary
Diurnal,4,8,2023,1,46,NA,NA,NA,NA,NA,NA,NA,NA,NA,NA,NA,Primary
Diurnal,5,8,2023,2,43,NA,NA,NA,NA,NA,NA,NA,NA,NA,NA,NA,Primary
Diurnal,5,8,2023,4,41,NA,NA,NA,NA,0,0,0,NA,NA,NA,NA,Primary
Diurnal,7,8,2023,1,47,Eulemur_albifrons,Eulemur,albifrons,Akomba Fotsy Loha,2,0,2,1,1,70,18,Primary
Diurnal,9,8,2023,3,40,Propithecus_candidus,Propithecus,candidus,Simpona,6,1,5,2,3,60,2,Primary
Diurnal,9,8,2023,3,40,Propithecus_candidus,Propithecus,candidus,Simpona,1,0,1,1,0,50,5,Primary
Diurnal,9,8,2023,3,40,Eulemur_rubriventer,Eulemur,rubriventer,Tongona,2,0,2,1,1,0,0,Primary
Diurnal,9,8,2023,2,44,NA,NA,NA,NA,NA,NA,NA,NA,NA,NA,NA,Primary
Diurnal,10,8,2023,3,41,NA,NA,NA,NA,NA,NA,NA,NA,NA,NA,NA,Primary
Diurnal,11,8,2023,2,45,Hapalemur_occidentalis,Hapalemur,occidentalis,Bokombolo,1,0,1,NA,NA,90,5,Primary
Diurnal,11,8,2023,2,45,Eulemur_rubriventer,Eulemur,rubriventer,Tongona,2,0,2,1,1,0,0,Primary
Diurnal,11,8,2023,2,45,Eulemur_rubriventer,Eulemur,rubriventer,Tongona,3,0,3,1,2,90,10,Primary
Diurnal,11,8,2023,1,48,Propithecus_candidus,Propithecus,candidus,Simpona,2,0,2,1,1,0,0,Primary
Nocturnal,14,12,2020,2,1,Cheirogaleus_crossleyi,Cheirogaleus,crossleyi,NA,1,0,1,0,0,40,20,Primary
Nocturnal,14,12,2020,2,1,Avahi_laniger,Avahi,laniger,Fotsife,1,0,1,0,0,50,18,Primary
Nocturnal,16,12,2020,2,2,Microcebus_lehilahytsara,Microcebus,lehilahytsara,Tsidy,1,0,1,0,0,60,5,Primary
Nocturnal,16,12,2020,2,2,Cheirogaleus_crossleyi,Cheirogaleus,crossleyi,NA,1,0,1,0,0,45,15,Primary
Nocturnal,16,12,2020,2,2,Microcebus_lehilahytsara,Microcebus,lehilahytsara,Tsidy,1,0,1,0,0,40,15,Primary
Nocturnal,16,12,2020,2,2,Cheirogaleus_crossleyi,Cheirogaleus,crossleyi,NA,1,0,1,0,0,45,25,Primary
Nocturnal,16,12,2020,2,2,Cheirogaleus_crossleyi,Cheirogaleus,crossleyi,NA,1,0,1,0,0,70,10,Primary
Nocturnal,16,12,2020,2,2,Lepilemur_seali,Lepilemur,seali,NA,1,0,1,0,0,90,4,Primary
Nocturnal,16,12,2020,2,2,Microcebus_lehilahytsara,Microcebus,lehilahytsara,Tsidy,1,0,1,0,0,80,8,Primary
Nocturnal,16,12,2020,2,2,Avahi_laniger,Avahi,laniger,Fotsife,1,0,1,0,0,70,18,Primary
Nocturnal,16,12,2020,2,2,Cheirogaleus_crossleyi,Cheirogaleus,crossleyi,NA,1,0,1,0,0,30,15,Primary
Nocturnal,16,12,2020,3,1,NA,NA,NA,NA,0,0,0,0,0,NA,NA,Primary
Nocturnal,17,12,2020,1,1,Avahi_laniger,Avahi,laniger,Fotsife,1,0,1,0,0,40,25,Primary
Nocturnal,17,12,2020,1,1,Microcebus_lehilahytsara,Microcebus,lehilahytsara,Tsidy,1,0,1,0,0,90,4,Primary
Nocturnal,17,12,2020,1,1,Microcebus_lehilahytsara,Microcebus,lehilahytsara,Tsidy,1,0,1,0,0,35,30,Primary
Nocturnal,17,12,2020,1,1,Cheirogaleus_crossleyi,Cheirogaleus,crossleyi,NA,1,0,1,0,0,70,25,Primary
Nocturnal,17,12,2020,1,1,Cheirogaleus_crossleyi,Cheirogaleus,crossleyi,NA,1,0,1,0,0,80,30,Primary
Nocturnal,17,12,2020,1,1,Microcebus_lehilahytsara,Microcebus,lehilahytsara,Tsidy,1,0,1,0,0,20,17,Primary
Nocturnal,17,12,2020,1,1,Microcebus_lehilahytsara,Microcebus,lehilahytsara,Tsidy,1,0,1,0,0,45,18,Primary
Nocturnal,18,12,2020,2,3,Avahi_laniger,Avahi,laniger,Fotsife,2,1,1,0,1,75,7,Primary
Nocturnal,18,12,2020,2,3,Microcebus_lehilahytsara,Microcebus,lehilahytsara,Tsidy,1,0,1,0,0,35,6,Primary
Nocturnal,18,12,2020,2,3,Cheirogaleus_crossleyi,Cheirogaleus,crossleyi,NA,1,0,1,0,0,70,10,Primary
Nocturnal,18,12,2020,2,3,Cheirogaleus_crossleyi,Cheirogaleus,crossleyi,NA,1,0,1,0,0,80,25,Primary
Nocturnal,18,12,2020,2,3,Cheirogaleus_crossleyi,Cheirogaleus,crossleyi,NA,1,0,1,0,0,40,25,Primary
Nocturnal,18,12,2020,2,3,Lepilemur_seali,Lepilemur,seali,NA,1,0,1,0,0,50,12,Primary
Nocturnal,18,12,2020,2,3,Cheirogaleus_crossleyi,Cheirogaleus,crossleyi,NA,1,0,1,0,0,45,20,Primary
Nocturnal,18,12,2020,2,3,Cheirogaleus_crossleyi,Cheirogaleus,crossleyi,NA,1,0,1,0,0,70,25,Primary
Nocturnal,19,12,2020,1,2,Avahi_laniger,Avahi,laniger,Fotsife,1,0,1,0,0,45,6,Primary
Nocturnal,21,12,2020,2,4,Cheirogaleus_crossleyi,Cheirogaleus,crossleyi,NA,1,0,1,0,0,65,23,Primary
Nocturnal,21,12,2020,2,4,Allocebus_trichotis,Allocebus,trichotis,NA,1,0,1,0,0,45,6,Primary
Nocturnal,21,12,2020,2,4,Microcebus_lehilahytsara,Microcebus,lehilahytsara,Tsidy,1,0,1,0,0,45,7,Primary
Nocturnal,13,6,2022,3,2,Lepilemur_seali,Lepilemur,seali,Fitsidika,1,NA,NA,NA,NA,30,8,Primary
Nocturnal,13,6,2022,3,2,Cheirogaleus_crossleyi,Cheirogaleus,crossleyi,Tsitsihy,1,NA,NA,NA,NA,70,11,Primary
Nocturnal,13,6,2022,3,2,Microcebus_lehilahytsara,Microcebus,lehilahytsara,Tsidy,1,NA,NA,NA,NA,15,3,Primary
Nocturnal,13,6,2022,3,2,Microcebus_lehilahytsara,Microcebus,lehilahytsara,Tsidy,1,NA,NA,NA,NA,80,12,Primary
Nocturnal,13,6,2022,3,2,Microcebus_lehilahytsara,Microcebus,lehilahytsara,Tsidy,1,NA,NA,NA,NA,89,7,Primary
Nocturnal,13,6,2022,3,2,Microcebus_lehilahytsara,Microcebus,lehilahytsara,Tsidy,1,NA,NA,NA,NA,60,15,Primary
Nocturnal,13,6,2022,3,2,Avahi_laniger,Avahi,laniger,Fotsife,2,NA,NA,NA,NA,40,15,Primary
Nocturnal,15,6,2022,1,3,Avahi_laniger,Avahi,laniger,Fotsife,2,NA,NA,NA,NA,40,16,Primary
Nocturnal,15,6,2022,1,3,Microcebus_lehilahytsara,Microcebus,lehilahytsara,Tsidy,1,NA,NA,NA,NA,35,20,Primary
Nocturnal,15,6,2022,1,3,Lepilemur_seali,Lepilemur,seali,Fitsidika,1,NA,NA,NA,NA,20,12,Primary
Nocturnal,15,6,2022,1,3,Microcebus_lehilahytsara,Microcebus,lehilahytsara,Tsidy,1,NA,NA,NA,NA,40,12,Primary
Nocturnal,15,6,2022,1,3,Allocebus_trichotis,Allocebus,trichotis,Kandrandra,1,NA,NA,NA,NA,50,4,Primary
Nocturnal,16,6,2022,2,5,Allocebus_trichotis,Allocebus,trichotis,Kandrandra,1,NA,NA,NA,NA,45,3,Primary
Nocturnal,16,6,2022,2,5,Allocebus_trichotis,Allocebus,trichotis,Kandrandra,1,NA,NA,NA,NA,30,7,Primary
Nocturnal,16,6,2022,2,5,Avahi_laniger,Avahi,laniger,Fotsife,1,NA,NA,NA,NA,75,20,Primary
Nocturnal,16,6,2022,2,5,Microcebus_lehilahytsara,Microcebus,lehilahytsara,Tsidy,1,NA,NA,NA,NA,45,10,Primary
Nocturnal,16,6,2022,2,5,Avahi_laniger,Avahi,laniger,Fotsife,1,NA,NA,NA,NA,20,12,Primary
Nocturnal,16,6,2022,2,5,Allocebus_trichotis,Allocebus,trichotis,Kandrandra,1,NA,NA,NA,NA,30,8,Primary
Nocturnal,18,6,2022,2,6,Microcebus_lehilahytsara,Microcebus,lehilahytsara,Tsidy,2,NA,NA,NA,NA,0,0,Primary
Nocturnal,18,6,2022,2,6,Microcebus_lehilahytsara,Microcebus,lehilahytsara,Tsidy,1,NA,NA,NA,NA,0,0,Primary
Nocturnal,18,6,2022,2,6,Allocebus_trichotis,Allocebus,trichotis,Kandrandra,1,NA,NA,NA,NA,283,6,Primary
Nocturnal,18,6,2022,2,6,Lepilemur_seali,Lepilemur,seali,Fitsidika,2,NA,NA,NA,NA,298,22,Primary
Nocturnal,17,6,2022,3,3,Propithecus_candidus,Propithecus,candidus,Simpona,3,NA,NA,NA,NA,85,23,Primary
Nocturnal,17,6,2022,3,3,Microcebus_lehilahytsara,Microcebus,lehilahytsara,Tsidy,1,NA,NA,NA,NA,40,6,Primary
Nocturnal,17,6,2022,3,3,Allocebus_trichotis,Allocebus,trichotis,Kandrandra,1,NA,NA,NA,NA,44,5,Primary
Nocturnal,17,6,2022,3,3,Avahi_laniger,Avahi,laniger,Fotsife,1,NA,NA,NA,NA,70,3,Primary
Nocturnal,17,6,2022,3,3,Lepilemur_seali,Lepilemur,seali,Fitsidika,1,NA,NA,NA,NA,80,2,Primary
Nocturnal,17,6,2022,3,3,Propithecus_candidus,Propithecus,candidus,Simpona,3,NA,NA,NA,NA,70,20,Primary
Nocturnal,17,6,2022,3,3,Eulemur_rubriventer,Eulemur,rubriventer,Tongona,NA,NA,NA,NA,NA,NA,NA,Primary
Nocturnal,17,6,2022,3,3,Lepilemur_seali,Lepilemur,seali,Fitsidika,1,NA,NA,NA,NA,30,3,Primary
Nocturnal,18,6,2022,1,4,Avahi_laniger,Avahi,laniger,Fotsife,1,NA,NA,NA,NA,309,9,Primary
Nocturnal,18,6,2022,1,4,Avahi_laniger,Avahi,laniger,Fotsife,1,NA,NA,NA,NA,0,0,Primary
Nocturnal,20,6,2022,3,4,Cheirogaleus_crossleyi,Cheirogaleus,crossleyi,Tsitsihy,1,NA,NA,NA,NA,90,30,Primary
Nocturnal,20,6,2022,3,4,Lepilemur_seali,Lepilemur,seali,Fitsidika,1,NA,NA,NA,NA,90,5,Primary
Nocturnal,20,6,2022,3,4,Eulemur_rubriventer,Eulemur,rubriventer,Tongona,NA,NA,NA,NA,NA,NA,NA,Primary
Nocturnal,20,6,2022,3,4,Allocebus_trichotis,Allocebus,trichotis,Kandrandra,1,NA,NA,NA,NA,299,3,Primary
Nocturnal,20,6,2022,3,4,Eulemur_rubriventer,Eulemur,rubriventer,Tongona,1,NA,NA,NA,2,90,15,Primary
Nocturnal,20,6,2022,3,4,Lepilemur_seali,Lepilemur,seali,Fitsidika,1,NA,NA,NA,NA,90,17,Primary
Nocturnal,20,6,2022,3,4,Microcebus_lehilahytsara,Microcebus,lehilahytsara,Tsidy,1,NA,NA,NA,NA,90,11,Primary
Nocturnal,20,6,2022,3,4,Lepilemur_seali,Lepilemur,seali,Fitsidika,1,NA,NA,NA,NA,90,20,Primary
Nocturnal,20,6,2022,3,4,Microcebus_lehilahytsara,Microcebus,lehilahytsara,Tsidy,1,NA,NA,NA,NA,239,8,Primary
Nocturnal,20,6,2022,3,4,Allocebus_trichotis,Allocebus,trichotis,Kandrandra,1,NA,NA,NA,NA,260,20,Primary
Nocturnal,20,6,2022,3,4,Microcebus_lehilahytsara,Microcebus,lehilahytsara,Tsidy,1,NA,NA,NA,NA,0,0,Primary
Nocturnal,20,6,2022,3,4,Lepilemur_seali,Lepilemur,seali,Fitsidika,1,NA,NA,NA,NA,90,3,Primary
Nocturnal,20,6,2022,3,4,Lepilemur_seali,Lepilemur,seali,Fitsidika,1,NA,NA,NA,NA,90,1,Primary
Nocturnal,21,6,2022,1,5,Microcebus_lehilahytsara,Microcebus,lehilahytsara,Tsidy,1,NA,NA,NA,NA,0,0,Primary
Nocturnal,21,6,2022,1,5,Avahi_laniger,Avahi,laniger,Fotsife,1,NA,NA,NA,NA,98,20,Primary
Nocturnal,22,6,2022,2,7,Avahi_laniger,Avahi,laniger,Fotsife,2,NA,NA,NA,NA,120,2,Primary
Nocturnal,22,6,2022,2,7,Microcebus_lehilahytsara,Microcebus,lehilahytsara,Tsidy,1,NA,NA,NA,NA,90,4,Primary
Nocturnal,22,6,2022,2,7,Lepilemur_seali,Lepilemur,seali,Fitsidika,1,NA,NA,NA,NA,90,2,Primary
Nocturnal,22,6,2022,2,7,Lepilemur_seali,Lepilemur,seali,Fitsidika,1,NA,NA,NA,NA,90,30,Primary
Nocturnal,22,6,2022,2,7,Allocebus_trichotis,Allocebus,trichotis,Kandrandra,1,NA,NA,NA,NA,90,15,Primary
Nocturnal,22,6,2022,2,7,Avahi_laniger,Avahi,laniger,Fotsife,NA,NA,NA,NA,NA,NA,NA,Primary
Nocturnal,23,6,2022,4,1,Avahi_laniger,Avahi,laniger,Fotsife,1,NA,NA,NA,NA,42,13,Primary
Nocturnal,23,6,2022,4,1,Allocebus_trichotis,Allocebus,trichotis,Kandrandra,1,NA,NA,NA,NA,38,12,Primary
Nocturnal,23,6,2022,4,1,Microcebus_lehilahytsara,Microcebus,lehilahytsara,Tsidy,1,NA,NA,NA,NA,60,9,Primary
Nocturnal,23,6,2022,4,1,Allocebus_trichotis,Allocebus,trichotis,Kandrandra,1,NA,NA,NA,NA,290,24,Primary
Nocturnal,23,6,2022,4,1,Microcebus_lehilahytsara,Microcebus,lehilahytsara,Tsidy,1,NA,NA,NA,NA,240,22,Primary
Nocturnal,27,6,2022,3,5,Eulemur_rubriventer,Eulemur,rubriventer,Tongona,NA,NA,NA,NA,NA,NA,NA,Primary
Nocturnal,27,6,2022,3,5,Microcebus_lehilahytsara,Microcebus,lehilahytsara,Tsidy,1,NA,NA,NA,NA,70,12,Primary
Nocturnal,27,6,2022,3,5,Avahi_laniger,Avahi,laniger,Fotsife,1,NA,NA,NA,NA,120,10,Primary
Nocturnal,27,6,2022,3,5,Eulemur_albifrons,Eulemur,albifrons,Akomba Fotsy Loha,NA,NA,NA,4,1,NA,NA,Primary
Nocturnal,27,6,2022,3,5,Microcebus_lehilahytsara,Microcebus,lehilahytsara,Tsidy,1,NA,NA,NA,NA,318,6,Primary
Nocturnal,28,6,2022,2,8,Allocebus_trichotis,Allocebus,trichotis,Kandrandra,1,NA,NA,NA,NA,74,16,Primary
Nocturnal,28,6,2022,2,8,Avahi_laniger,Avahi,laniger,Fotsife,3,NA,NA,NA,NA,90,12,Primary
Nocturnal,28,6,2022,2,8,Allocebus_trichotis,Allocebus,trichotis,Kandrandra,1,NA,NA,NA,NA,60,6,Primary
Nocturnal,29,6,2022,4,2,Avahi_laniger,Avahi,laniger,Fotsife,1,NA,NA,1,1,70,4,Primary
Nocturnal,29,6,2022,4,2,Lepilemur_seali,Lepilemur,seali,Fitsidika,1,NA,NA,NA,NA,310,16,Primary
Nocturnal,29,6,2022,4,2,Allocebus_trichotis,Allocebus,trichotis,Kandrandra,1,NA,NA,NA,NA,280,10,Primary
Nocturnal,29,6,2022,4,2,Microcebus_lehilahytsara,Microcebus,lehilahytsara,Tsidy,1,NA,NA,NA,NA,70,13,Primary
Nocturnal,29,6,2022,4,2,Avahi_laniger,Avahi,laniger,Fotsife,1,NA,NA,NA,NA,72,9,Primary
Nocturnal,29,6,2022,4,2,Lepilemur_seali,Lepilemur,seali,Fitsidika,1,NA,NA,NA,NA,52,6,Primary
Nocturnal,29,6,2022,4,2,Allocebus_trichotis,Allocebus,trichotis,Kandrandra,1,NA,NA,NA,NA,NA,10,Primary
Nocturnal,30,6,2022,1,6,Avahi_laniger,Avahi,laniger,Fotsife,1,NA,NA,NA,NA,50,3,Primary
Nocturnal,4,7,2022,3,6,Allocebus_trichotis,Allocebus,trichotis,Kandrandra,1,NA,NA,NA,NA,243,7,Primary
Nocturnal,4,7,2022,3,6,Lepilemur_seali,Lepilemur,seali,Fitsidika,1,NA,NA,NA,NA,280,6,Primary
Nocturnal,4,7,2022,3,6,Lepilemur_seali,Lepilemur,seali,Fitsidika,1,NA,NA,NA,NA,62,22,Primary
Nocturnal,4,7,2022,3,6,Microcebus_lehilahytsara,Microcebus,lehilahytsara,Tsidy,1,NA,NA,NA,NA,90,10,Primary
Nocturnal,5,7,2022,4,3,Propithecus_candidus,Propithecus,candidus,Simpona,3,NA,NA,NA,NA,98,28,Primary
Nocturnal,5,7,2022,4,3,Avahi_laniger,Avahi,laniger,Fotsife,3,NA,NA,NA,NA,90,10,Primary
Nocturnal,5,7,2022,4,3,Allocebus_trichotis,Allocebus,trichotis,Kandrandra,1,NA,NA,NA,NA,90,5,Primary
Nocturnal,5,7,2022,4,3,Microcebus_lehilahytsara,Microcebus,lehilahytsara,Tsidy,1,NA,NA,NA,NA,0,0,Primary
Nocturnal,5,7,2022,4,3,Lepilemur_seali,Lepilemur,seali,Fitsidika,1,NA,NA,NA,NA,141,18,Primary
Nocturnal,5,7,2022,4,3,Lepilemur_seali,Lepilemur,seali,Fitsidika,1,NA,NA,NA,NA,0,0,Primary
Nocturnal,5,7,2022,4,3,Microcebus_lehilahytsara,Microcebus,lehilahytsara,Tsidy,1,NA,NA,NA,NA,90,5,Primary
Nocturnal,5,7,2022,4,3,Microcebus_lehilahytsara,Microcebus,lehilahytsara,Tsidy,1,NA,NA,NA,NA,152,3,Primary
Nocturnal,6,7,2022,1,7,Lepilemur_seali,Lepilemur,seali,Fitsidika,1,NA,NA,NA,NA,90,10,Primary
Nocturnal,6,7,2022,1,7,Avahi_laniger,Avahi,laniger,Fotsife,1,NA,NA,NA,NA,90,30,Primary
Nocturnal,6,7,2022,1,7,Lepilemur_seali,Lepilemur,seali,Fitsidika,1,NA,NA,NA,NA,172,20,Primary
Nocturnal,6,7,2022,1,7,Lepilemur_seali,Lepilemur,seali,Fitsidika,1,NA,NA,NA,NA,90,5,Primary
Nocturnal,6,7,2022,1,7,Allocebus_trichotis,Allocebus,trichotis,Kandrandra,1,NA,NA,NA,NA,100,7,Primary
Nocturnal,6,7,2022,1,7,Microcebus_lehilahytsara,Microcebus,lehilahytsara,Tsidy,1,NA,NA,NA,NA,221,4,Primary
Nocturnal,6,7,2022,1,7,Avahi_laniger,Avahi,laniger,Fotsife,2,NA,NA,NA,NA,350,20,Primary
Nocturnal,6,7,2022,1,7,Microcebus_lehilahytsara,Microcebus,lehilahytsara,Tsidy,1,NA,NA,NA,NA,0,0,Primary
Nocturnal,6,7,2022,1,7,Microcebus_lehilahytsara,Microcebus,lehilahytsara,Tsidy,1,NA,NA,NA,NA,96,1,Primary
Nocturnal,6,7,2022,1,7,Microcebus_lehilahytsara,Microcebus,lehilahytsara,Tsidy,1,NA,NA,NA,NA,252,2,Primary
Nocturnal,6,7,2022,1,7,Avahi_laniger,Avahi,laniger,Fotsife,1,NA,NA,NA,NA,0,0,Primary
Nocturnal,7,7,2022,2,9,Avahi_laniger,Avahi,laniger,Fotsife,1,NA,NA,NA,NA,90,25,Primary
Nocturnal,7,7,2022,2,9,Allocebus_trichotis,Allocebus,trichotis,Kandrandra,1,NA,NA,NA,NA,90,8,Primary
Nocturnal,8,7,2022,4,4,Microcebus_lehilahytsara,Microcebus,lehilahytsara,Tsidy,2,NA,NA,NA,NA,45,10,Primary
Nocturnal,9,7,2022,3,7,Lepilemur_seali,Lepilemur,seali,Fitsidika,1,NA,NA,NA,NA,90,8,Primary
Nocturnal,9,7,2022,3,7,Allocebus_trichotis,Allocebus,trichotis,Kandrandra,1,NA,NA,NA,NA,0,0,Primary
Nocturnal,9,7,2022,3,7,Microcebus_lehilahytsara,Microcebus,lehilahytsara,Tsidy,1,NA,NA,NA,NA,0,0,Primary
Nocturnal,9,7,2022,3,7,Cheirogaleus_crossleyi,Cheirogaleus,crossleyi,Tsitsihy,1,NA,NA,NA,NA,270,9,Primary
Nocturnal,9,7,2022,3,7,Lepilemur_seali,Lepilemur,seali,Fitsidika,2,NA,NA,NA,NA,290,25,Primary
Nocturnal,9,7,2022,3,7,Lepilemur_seali,Lepilemur,seali,Fitsidika,2,NA,NA,NA,NA,90,18,Primary
Nocturnal,11,7,2022,1,8,Lepilemur_seali,Lepilemur,seali,Fitsidika,1,NA,NA,NA,NA,70,5,Primary
Nocturnal,11,7,2022,1,8,Avahi_laniger,Avahi,laniger,Fotsife,3,NA,NA,NA,NA,320,25,Primary
Nocturnal,12,7,2022,2,10,Microcebus_lehilahytsara,Microcebus,lehilahytsara,Tsidy,1,NA,NA,NA,NA,50,15,Primary
Nocturnal,13,7,2022,3,8,Allocebus_trichotis,Allocebus,trichotis,Kandrandra,1,NA,NA,NA,NA,70,10,Primary
Nocturnal,13,7,2022,3,8,Microcebus_lehilahytsara,Microcebus,lehilahytsara,Tsidy,1,NA,NA,NA,NA,310,8,Primary
Nocturnal,14,7,2022,4,5,Avahi_laniger,Avahi,laniger,Fotsife,2,NA,NA,NA,NA,0,0,Primary
Nocturnal,14,7,2022,4,5,Microcebus_lehilahytsara,Microcebus,lehilahytsara,Tsidy,1,NA,NA,NA,NA,330,4,Primary
Nocturnal,15,7,2022,1,9,Microcebus_lehilahytsara,Microcebus,lehilahytsara,Tsidy,1,NA,NA,NA,NA,90,15,Primary
Nocturnal,16,7,2022,2,11,Microcebus_lehilahytsara,Microcebus,lehilahytsara,Tsidy,1,NA,NA,NA,NA,90,4,Primary
Nocturnal,16,7,2022,2,11,Microcebus_lehilahytsara,Microcebus,lehilahytsara,Tsidy,1,NA,NA,NA,NA,0,0,Primary
Nocturnal,18,7,2022,3,9,Allocebus_trichotis,Allocebus,trichotis,Kandrandra,1,NA,NA,NA,NA,4,5,Primary
Nocturnal,18,7,2022,3,9,Microcebus_lehilahytsara,Microcebus,lehilahytsara,Tsidy,1,NA,NA,NA,NA,70,16,Primary
Nocturnal,20,7,2022,4,6,NA,NA,NA,NA,0,0,0,0,0,NA,NA,Primary
Nocturnal,21,7,2022,1,10,NA,NA,NA,NA,0,0,0,0,0,NA,NA,Primary
Nocturnal,22,7,2022,2,12,Allocebus_trichotis,Allocebus,trichotis,Kandrandra,1,NA,NA,NA,NA,10,4,Primary
Nocturnal,22,7,2022,2,12,Avahi_laniger,Avahi,laniger,Fotsife,2,NA,NA,NA,NA,90,5,Primary
Nocturnal,22,7,2022,2,12,Lepilemur_seali,Lepilemur,seali,Fitsidika,1,NA,NA,NA,NA,90,2,Primary
Nocturnal,26,7,2022,4,7,Lepilemur_seali,Lepilemur,seali,Fitsidika,1,NA,NA,NA,NA,0,0,Primary
Nocturnal,26,7,2022,4,7,Microcebus_lehilahytsara,Microcebus,lehilahytsara,Tsidy,1,NA,NA,NA,NA,0,0,Primary
Nocturnal,26,7,2022,4,7,Allocebus_trichotis,Allocebus,trichotis,Kandrandra,1,NA,NA,NA,NA,70,10,Primary
Nocturnal,26,7,2022,4,7,Avahi_laniger,Avahi,laniger,Fotsife,1,NA,NA,NA,NA,76,10,Primary
Nocturnal,27,7,2022,1,11,Allocebus_trichotis,Allocebus,trichotis,Kandrandra,1,NA,NA,NA,NA,82,3,Primary
Nocturnal,27,7,2022,1,11,Lepilemur_seali,Lepilemur,seali,Fitsidika,2,NA,NA,NA,NA,90,15,Primary
Nocturnal,27,7,2022,1,11,Avahi_laniger,Avahi,laniger,Fotsife,1,NA,NA,NA,NA,220,4,Primary
Nocturnal,27,7,2022,1,11,Lepilemur_seali,Lepilemur,seali,Fitsidika,1,NA,NA,NA,NA,40,8,Primary
Nocturnal,27,7,2022,1,11,Lepilemur_seali,Lepilemur,seali,Fitsidika,1,NA,NA,NA,NA,90,10,Primary
Nocturnal,27,7,2022,1,11,Lepilemur_seali,Lepilemur,seali,Fitsidika,1,NA,NA,NA,NA,0,0,Primary
Nocturnal,27,7,2022,1,11,Allocebus_trichotis,Allocebus,trichotis,Kandrandra,1,NA,NA,NA,NA,NA,NA,Primary
Nocturnal,28,7,2022,2,13,Microcebus_lehilahytsara,Microcebus,lehilahytsara,Tsidy,1,NA,NA,NA,NA,102,5,Primary
Nocturnal,28,7,2022,2,13,Allocebus_trichotis,Allocebus,trichotis,Kandrandra,1,NA,NA,NA,NA,140,5,Primary
Nocturnal,28,7,2022,2,13,Avahi_laniger,Avahi,laniger,Fotsife,1,NA,NA,NA,NA,330,3,Primary
Nocturnal,28,7,2022,2,13,Avahi_laniger,Avahi,laniger,Fotsife,2,NA,NA,NA,NA,90,10,Primary
Nocturnal,28,7,2022,2,13,Lepilemur_seali,Lepilemur,seali,Fitsidika,1,NA,NA,NA,NA,90,10,Primary
Nocturnal,28,7,2022,2,13,Lepilemur_seali,Lepilemur,seali,Fitsidika,1,NA,NA,NA,NA,280,15,Primary
Nocturnal,28,7,2022,2,13,Lepilemur_seali,Lepilemur,seali,Fitsidika,1,NA,NA,NA,NA,0,0,Primary
Nocturnal,30,7,2022,4,8,Avahi_laniger,Avahi,laniger,Fotsife,2,NA,NA,NA,NA,0,0,Primary
Nocturnal,30,7,2022,4,8,Lepilemur_seali,Lepilemur,seali,Fitsidika,1,NA,NA,NA,NA,90,0,Primary
Nocturnal,30,7,2022,4,8,Propithecus_candidus,Propithecus,candidus,Simpona,2,NA,NA,NA,NA,90,10,Primary
Nocturnal,30,7,2022,4,8,Avahi_laniger,Avahi,laniger,Fotsife,1,NA,NA,NA,NA,240,5,Primary
Nocturnal,2,8,2022,4,9,Lepilemur_seali,Lepilemur,seali,Fitsidika,1,NA,NA,NA,NA,90,10,Primary
Nocturnal,3,8,2022,1,12,Avahi_laniger,Avahi,laniger,Fotsife,1,NA,NA,NA,NA,0,0,Primary
Nocturnal,3,8,2022,1,12,Microcebus_lehilahytsara,Microcebus,lehilahytsara,Tsidy,1,NA,NA,NA,NA,0,0,Primary
Nocturnal,3,8,2022,1,12,Propithecus_candidus,Propithecus,candidus,Simpona,NA,NA,NA,NA,1,280,8,Primary
Nocturnal,3,8,2022,1,12,Avahi_laniger,Avahi,laniger,Fotsife,1,NA,NA,NA,NA,320,4,Primary
Nocturnal,3,8,2022,1,12,Avahi_laniger,Avahi,laniger,Fotsife,1,NA,NA,NA,NA,270,7,Primary
Nocturnal,4,8,2022,2,14,NA,NA,NA,NA,0,0,0,0,0,NA,NA,Primary
Nocturnal,5,8,2022,3,10,Lepilemur_seali,Lepilemur,seali,Fitsidika,NA,NA,NA,NA,1,310,3,Primary
Nocturnal,5,8,2022,3,10,Lepilemur_seali,Lepilemur,seali,Fitsidika,1,NA,NA,NA,NA,0,0,Primary
Nocturnal,5,8,2022,3,10,Lepilemur_seali,Lepilemur,seali,Fitsidika,NA,NA,NA,NA,1,0,0,Primary
Nocturnal,6,8,2022,4,10,NA,NA,NA,NA,0,0,0,0,0,NA,NA,Primary
Nocturnal,8,8,2022,4,11,Eulemur_rubriventer,Eulemur,rubriventer,Tongona,NA,NA,NA,1,1,0,0,Primary
Nocturnal,8,8,2022,4,11,Propithecus_candidus,Propithecus,candidus,Simpona,1,NA,NA,NA,NA,90,20,Primary
Nocturnal,8,8,2022,4,11,Lepilemur_seali,Lepilemur,seali,Fitsidika,1,NA,NA,NA,NA,30,4,Primary
Nocturnal,9,8,2022,2,15,Allocebus_trichotis,Allocebus,trichotis,Kandrandra,1,NA,NA,NA,NA,69,14,Primary
Nocturnal,9,8,2022,2,15,Allocebus_trichotis,Allocebus,trichotis,Kandrandra,1,NA,NA,NA,NA,40,10,Primary
Nocturnal,9,8,2022,2,15,Allocebus_trichotis,Allocebus,trichotis,Kandrandra,1,NA,NA,NA,NA,0,0,Primary
Nocturnal,9,8,2022,2,15,Allocebus_trichotis,Allocebus,trichotis,Kandrandra,1,NA,NA,NA,NA,0,0,Primary
Nocturnal,10,8,2022,1,13,NA,NA,NA,NA,0,0,0,0,0,NA,NA,Primary
Nocturnal,11,8,2022,4,12,Avahi_laniger,Avahi,laniger,Fotsife,1,NA,NA,NA,NA,90,1,Primary
Nocturnal,11,8,2022,4,12,Allocebus_trichotis,Allocebus,trichotis,Kandrandra,1,NA,NA,NA,NA,40,8,Primary
Nocturnal,11,8,2022,4,12,Lepilemur_seali,Lepilemur,seali,Fitsidika,1,NA,NA,NA,NA,90,16,Primary
Nocturnal,11,8,2022,4,12,Avahi_laniger,Avahi,laniger,Fotsife,NA,NA,NA,NA,1,90,12,Primary
Nocturnal,11,8,2022,4,12,Allocebus_trichotis,Allocebus,trichotis,Kandrandra,1,NA,NA,NA,NA,90,14,Primary
Nocturnal,11,8,2022,4,12,Lepilemur_seali,Lepilemur,seali,Fitsidika,1,NA,NA,NA,NA,0,0,Primary
Nocturnal,11,8,2022,4,12,Eulemur_albifrons,Eulemur,albifrons,Akomba Fotsy Loha,4,NA,NA,NA,NA,NA,NA,Primary
Nocturnal,12,6,2023,1,14,Avahi_laniger,Avahi,laniger,Fotsife,1,0,0,0,0,90,4,Primary
Nocturnal,12,6,2023,1,14,Avahi_laniger,Avahi,laniger,Fotsife,1,0,0,0,0,0,0,Primary
Nocturnal,12,6,2023,1,14,Microcebus_lehilahytsara,Microcebus,lehilahytsara,Tsidy,1,0,0,0,0,0,0,Primary
Nocturnal,12,6,2023,1,14,Microcebus_lehilahytsara,Microcebus,lehilahytsara,Tsidy,1,0,0,0,0,90,1,Primary
Nocturnal,12,6,2023,1,14,Allocebus_trichotis,Allocebus,trichotis,Kandrandra,1,0,0,0,0,155,12,Primary
Nocturnal,12,6,2023,1,14,Cheirogaleus_crossleyi,Cheirogaleus,crossleyi,Tsitsihy,1,0,0,0,0,90,12,Primary
Nocturnal,12,6,2023,1,14,Cheirogaleus_crossleyi,Cheirogaleus,crossleyi,Tsitsihy,1,0,0,0,0,NA,NA,Primary
Nocturnal,13,6,2023,2,16,Avahi_laniger,Avahi,laniger,Fotsife,1,0,0,0,0,87,10,Primary
Nocturnal,13,6,2023,2,16,Allocebus_trichotis,Allocebus,trichotis,Kandrandra,1,0,0,0,0,90,5,Primary
Nocturnal,13,6,2023,2,16,Allocebus_trichotis,Allocebus,trichotis,Kandrandra,1,0,0,0,0,90,15,Primary
Nocturnal,13,6,2023,2,16,Microcebus_lehilahytsara,Microcebus,lehilahytsara,Tsidy,1,0,0,0,0,90,2,Primary
Nocturnal,13,6,2023,2,16,Lepilemur_seali,Lepilemur,seali,Fitsidika,1,0,0,0,0,90,7,Primary
Nocturnal,15,6,2023,1,15,Microcebus_lehilahytsara,Microcebus,lehilahytsara,Tsidy,1,0,0,0,0,350,5,Primary
Nocturnal,15,6,2023,1,15,Microcebus_lehilahytsara,Microcebus,lehilahytsara,Tsidy,1,0,0,0,0,310,3,Primary
Nocturnal,15,6,2023,1,15,Microcebus_lehilahytsara,Microcebus,lehilahytsara,Tsidy,1,0,0,0,0,100,12,Primary
Nocturnal,15,6,2023,1,15,Allocebus_trichotis,Allocebus,trichotis,Kandrandra,1,0,0,0,0,90,11,Primary
Nocturnal,15,6,2023,1,15,Microcebus_lehilahytsara,Microcebus,lehilahytsara,Tsidy,1,0,0,0,0,90,6,Primary
Nocturnal,15,6,2023,1,15,Allocebus_trichotis,Allocebus,trichotis,Kandrandra,1,0,0,0,0,90,15,Primary
Nocturnal,15,6,2023,3,11,Microcebus_lehilahytsara,Microcebus,lehilahytsara,Tsidy,1,0,1,0,0,350,5,Primary
Nocturnal,15,6,2023,3,11,Microcebus_lehilahytsara,Microcebus,lehilahytsara,Tsidy,1,0,1,0,0,310,3,Primary
Nocturnal,15,6,2023,3,11,Microcebus_lehilahytsara,Microcebus,lehilahytsara,Tsidy,1,0,1,0,0,100,12,Primary
Nocturnal,15,6,2023,3,11,Allocebus_trichotis,Allocebus,trichotis,kandrandra,1,0,1,0,0,90,11,Primary
Nocturnal,15,6,2023,3,11,Microcebus_lehilahytsara,Microcebus,lehilahytsara,Tsidy,1,0,1,0,0,90,6,Primary
Nocturnal,15,6,2023,3,11,Allocebus_trichotis,Allocebus,trichotis,kandrandra,1,0,1,0,0,90,15,Primary
Nocturnal,17,6,2023,4,13,Microcebus_lehilahytsara,Microcebus,lehilahytsara,Tsidy,1,0,1,0,0,280,3,Primary
Nocturnal,17,6,2023,4,13,Avahi_laniger,Avahi,laniger,Fotsife,1,0,1,0,0,90,1,Primary
Nocturnal,17,6,2023,4,13,Allocebus_trichotis,Allocebus,trichotis,kandrandra,1,0,1,0,0,90,10,Primary
Nocturnal,21,6,2023,1,16,Allocebus_trichotis,Allocebus,trichotis,kandrandra,1,0,0,0,0,300,20,Primary
Nocturnal,21,6,2023,1,16,Allocebus_trichotis,Allocebus,trichotis,kandrandra,1,0,0,0,0,265,8,Primary
Nocturnal,21,6,2023,1,16,Allocebus_trichotis,Allocebus,trichotis,kandrandra,1,0,0,0,0,90,2,Primary
Nocturnal,21,6,2023,1,16,Microcebus_lehilahytsara,Microcebus,lehilahytsara,Tsidy,1,0,0,0,0,0,0,Primary
Nocturnal,22,6,2023,2,17,Lepilemur_seali,Lepilemur,seali,Fitsidika,1,0,0,0,0,60,20,Primary
Nocturnal,22,6,2023,2,17,Lepilemur_seali,Lepilemur,seali,Fitsidika,1,0,0,0,0,90,15,Primary
Nocturnal,22,6,2023,2,17,Avahi_laniger,Avahi,laniger,Fotsife,1,0,0,0,0,0,0,Primary
Nocturnal,22,6,2023,2,17,Lepilemur_seali,Lepilemur,seali,Fitsidika,1,0,0,0,0,60,17,Primary
Nocturnal,28,6,2023,3,12,Allocebus_trichotis,Allocebus,trichotis,kandrandra,1,1,0,0,0,350,13,Primary
Nocturnal,28,6,2023,3,12,Lepilemur_seali,Lepilemur,seali,Fitsidika,1,0,1,0,0,240,18,Primary
Nocturnal,28,6,2023,3,12,Lepilemur_seali,Lepilemur,seali,Fitsidika,1,0,1,0,0,90,12,Primary
Nocturnal,28,6,2023,3,12,Microcebus_lehilahytsara,Microcebus,lehilahytsara,Tsidy,1,0,0,0,0,90,7,Primary
Nocturnal,1,7,2023,4,14,Avahi_laniger,Avahi,laniger,Fotsife,2,0,2,1,1,0,0,Primary
Nocturnal,1,7,2023,4,14,Avahi_laniger,Avahi,laniger,Fotsife,1,0,1,0,0,110,8,Primary
Nocturnal,1,7,2023,4,14,Microcebus_lehilahytsara,Microcebus,lehilahytsara,Tsidy,1,0,1,0,0,30,12,Primary
Nocturnal,1,7,2023,4,14,Avahi_laniger,Avahi,laniger,Fotsife,3,1,1,1,0,110,5,Primary
Nocturnal,4,7,2023,3,13,Microcebus_lehilahytsara,Microcebus,lehilahytsara,Tsidy,1,0,1,0,0,280,20,Primary
Nocturnal,4,7,2023,3,13,Allocebus_trichotis,Allocebus,trichotis,kandrandra,1,0,1,0,0,290,5,Primary
Nocturnal,4,7,2023,3,13,Microcebus_lehilahytsara,Microcebus,lehilahytsara,Tsidy,1,0,1,0,0,90,4,Primary
Nocturnal,5,7,2023,1,17,Microcebus_lehilahytsara,Microcebus,lehilahytsara,Tsidy,1,0,1,0,0,340,10,Primary
Nocturnal,6,7,2023,2,18,Avahi_laniger,Avahi,laniger,Fotsife,1,0,1,0,0,40,10,Primary
Nocturnal,6,7,2023,2,18,Allocebus_trichotis,Allocebus,trichotis,kandrandra,1,0,1,0,0,320,3,Primary
Nocturnal,6,7,2023,2,18,Allocebus_trichotis,Allocebus,trichotis,kandrandra,1,0,1,0,0,340,5,Primary
Nocturnal,6,7,2023,2,18,Avahi_laniger,Avahi,laniger,Fotsife,1,0,1,0,0,30,11,Primary
Nocturnal,6,7,2023,2,18,Lepilemur_seali,Lepilemur,seali,Fitsidika,1,0,1,0,0,80,11,Primary
Nocturnal,6,7,2023,2,18,Lepilemur_seali,Lepilemur,seali,Fitsidika,1,0,1,0,0,270,7,Primary
Nocturnal,13,7,2023,4,15,Microcebus_lehilahytsara,Microcebus,lehilahytsara,Tsidy,1,0,0,0,0,10,30,Primary
Nocturnal,13,7,2023,4,15,Allocebus_trichotis,Allocebus,trichotis,Kandrandra,1,0,1,0,0,100,10,Primary
Nocturnal,13,7,2023,4,15,Microcebus_lehilahytsara,Microcebus,lehilahytsara,Tsidy,1,0,1,0,0,120,20,Primary
Nocturnal,14,7,2023,3,14,Allocebus_trichotis,Allocebus,trichotis,Kandrandra,1,0,0,0,0,60,7,Primary
Nocturnal,14,7,2023,3,14,Microcebus_lehilahytsara,Microcebus,lehilahytsara,Tsidy,1,0,0,0,0,110,4,Primary
Nocturnal,14,7,2023,3,14,Microcebus_lehilahytsara,Microcebus,lehilahytsara,Tsidy,1,0,0,0,0,NA,NA,Primary
Nocturnal,19,7,2023,4,16,Microcebus_lehilahytsara,Microcebus,lehilahytsara,Tsidy,1,0,1,0,0,0,0,Primary
Nocturnal,19,7,2023,4,16,Allocebus_trichotis,Allocebus,trichotis,kandrandra,1,0,1,0,0,0,0,Primary
Nocturnal,21,7,2023,3,15,Lepilemur_seali,Lepilemur,seali,Fitsidika,1,0,1,0,0,320,10,Primary
Nocturnal,21,7,2023,3,15,Microcebus_lehilahytsara,Microcebus,lehilahytsara,Tsidy,1,0,1,0,0,0,0,Primary
Nocturnal,26,7,2023,1,18,Avahi_laniger,Avahi,laniger,Fotsife,1,0,1,0,0,90,12,Primary
Nocturnal,26,7,2023,1,18,Allocebus_trichotis,Allocebus,trichotis,kandrandra,1,0,1,0,0,20,4,Primary
Nocturnal,26,7,2023,1,18,Lepilemur_seali,Lepilemur,seali,Fitsidika,1,0,1,0,0,200,20,Primary
Nocturnal,26,7,2023,1,18,Microcebus_lehilahytsara,Microcebus,lehilahytsara,Tsidy,1,0,1,0,0,25,5,Primary
Nocturnal,28,7,2023,4,17,Allocebus_trichotis,Allocebus,trichotis,kandrandra,1,0,2,0,0,110,11,Primary
Nocturnal,28,7,2023,4,17,Avahi_laniger,Avahi,laniger,Fotsife,2,0,1,1,1,0,0,Primary
Nocturnal,28,7,2023,4,17,Avahi_laniger,Avahi,laniger,Fotsife,1,0,1,NA,NA,320,6,Primary
Nocturnal,28,7,2023,4,17,Avahi_laniger,Avahi,laniger,Fotsife,1,0,1,NA,NA,0,0,Primary
Nocturnal,28,7,2023,4,17,Microcebus_lehilahytsara,Microcebus,lehilahytsara,Tsidy,1,0,1,NA,NA,90,90,Primary
Nocturnal,28,7,2023,4,17,Microcebus_lehilahytsara,Microcebus,lehilahytsara,Tsidy,1,0,1,NA,NA,100,100,Primary
Nocturnal,28,7,2023,4,17,Microcebus_lehilahytsara,Microcebus,lehilahytsara,Tsidy,1,0,1,NA,NA,450,10,Primary
Nocturnal,28,7,2023,4,17,Allocebus_trichotis,Allocebus,trichotis,kandrandra,1,0,1,NA,NA,NA,NA,Primary
Nocturnal,31,7,2023,1,19,Avahi_laniger,Avahi,laniger,Fotsife,1,0,1,NA,NA,90,8,Primary
Nocturnal,31,7,2023,1,19,Allocebus_trichotis,Allocebus,trichotis,Kandrandra,1,0,1,NA,NA,0,0,Primary
Nocturnal,31,7,2023,1,19,Microcebus_lehilahytsara,Microcebus,lehilahytsara,Tsidy,1,0,1,NA,NA,90,2,Primary
Nocturnal,31,7,2023,1,19,Lepilemur_seali,Lepilemur,seali,Fitsidika,1,0,1,NA,NA,90,12,Primary
Nocturnal,1,8,2023,3,16,Microcebus_lehilahytsara,Microcebus,lehilahytsara,Tsidy,1,0,1,NA,NA,90,9,Primary
Nocturnal,2,8,2023,4,18,Avahi_laniger,Avahi,laniger,Fotsife,1,0,1,NA,NA,300,20,Primary
Nocturnal,2,8,2023,4,18,Allocebus_trichotis,Allocebus,trichotis,Kandrandra,1,0,1,NA,NA,90,4,Primary
Nocturnal,2,8,2023,4,18,Lepilemur_seali,Lepilemur,seali,Fitsidika,1,0,1,NA,NA,60,6,Primary
Nocturnal,27,7,2023,2,19,Lepilemur_seali,Lepilemur,seali,Fitsidika,1,0,1,0,0,45,1,Primary
Nocturnal,4,8,2023,3,17,Lepilemur_seali,Lepilemur,seali,Fitsidika,1,0,1,NA,NA,90,8,Primary
Nocturnal,4,8,2023,3,17,Lepilemur_seali,Lepilemur,seali,Fitsidika,1,0,1,NA,NA,320,12,Primary
Nocturnal,5,8,2023,1,20,Microcebus_lehilahytsara,Microcebus,lehilahytsara,Tsidy,1,0,1,NA,NA,250,15,Primary
Nocturnal,5,8,2023,1,20,Allocebus_trichotis,Allocebus,trichotis,Kandrandra,1,0,1,NA,NA,180,6,Primary
Nocturnal,7,8,2023,4,19,Lepilemur_seali,Lepilemur,seali,Fitsidika,1,0,1,NA,NA,0,0,Primary
Nocturnal,7,8,2023,4,19,Avahi_laniger,Avahi,laniger,Fotsife,3,0,3,NA,NA,90,20,Primary
Nocturnal,7,8,2023,4,19,Lepilemur_seali,Lepilemur,seali,Fitsidika,1,0,1,NA,NA,80,3,Primary
Nocturnal,27,7,2023,2,19,Microcebus_lehilahytsara,Microcebus,lehilahytsara,Tsidy,1,0,1,0,0,0,0,Primary
Nocturnal,29,7,2023,2,20,Lepilemur_seali,Lepilemur,seali,Fitsidika,1,0,1,NA,NA,325,10,Primary
Nocturnal,9,8,2023,1,21,Avahi_laniger,Avahi,laniger,Fotsife,1,0,1,NA,NA,0,0,Primary
Nocturnal,9,8,2023,1,21,Allocebus_trichotis,Allocebus,trichotis,Kandrandra,1,0,1,NA,NA,170,7,Primary
Nocturnal,9,8,2023,1,21,Lepilemur_seali,Lepilemur,seali,Fitsidika,1,0,1,NA,NA,0,0,Primary
Nocturnal,10,8,2023,4,20,Lepilemur_seali,Lepilemur,seali,Fitsidika,1,0,1,NA,NA,NA,NA,Primary
Nocturnal,10,8,2023,4,20,Microcebus_lehilahytsara,Microcebus,lehilahytsara,Tsidy,1,0,1,NA,NA,NA,NA,Primary
Nocturnal,10,8,2023,4,20,Allocebus_trichotis,Allocebus,trichotis,Kandrandra,1,0,1,NA,NA,NA,NA,Primary
Nocturnal,10,8,2023,4,20,Allocebus_trichotis,Allocebus,trichotis,Kandrandra,1,0,1,NA,NA,NA,NA,Primary
Nocturnal,10,8,2023,4,20,Microcebus_lehilahytsara,Microcebus,lehilahytsara,Tsidy,1,0,1,NA,NA,NA,NA,Primary
Nocturnal,10,8,2023,4,20,Avahi_laniger,Avahi,laniger,Fotsife,1,0,1,NA,NA,NA,NA,Primary
Nocturnal,11,8,2023,3,18,Lepilemur_seali,Lepilemur,seali,Fitsidika,1,0,1,0,0,90,5,Primary
Nocturnal,11,8,2023,3,18,Microcebus_lehilahytsara,Microcebus,lehilahytsara,Tsidy,1,0,1,0,0,90,27,Primary
Nocturnal,11,8,2023,3,18,Avahi_laniger,Avahi,laniger,Fotsife,2,0,2,1,1,110,4,Primary
Nocturnal,29,7,2023,2,20,Avahi_laniger,Avahi,laniger,Fotsife,3,1,3,1,1,0,0,Primary
Nocturnal,29,7,2023,2,20,Allocebus_trichotis,Allocebus,trichotis,kandrandra,1,0,1,NA,NA,0,0,Primary
Nocturnal,29,7,2023,2,20,Lepilemur_seali,Lepilemur,seali,Fitsidika,1,0,1,NA,NA,100,6,Primary
Nocturnal,29,7,2023,2,20,Microcebus_lehilahytsara,Microcebus,lehilahytsara,Tsidy,1,0,1,NA,NA,0,0,Primary
Nocturnal,3,8,2023,2,21,Microcebus_lehilahytsara,Microcebus,lehilahytsara,Tsidy,1,0,1,NA,NA,240,5,Primary
Nocturnal,8,8,2023,2,22,Microcebus_lehilahytsara,Microcebus,lehilahytsara,Tsidy,1,0,1,NA,NA,270,22,Primary
Nocturnal,8,8,2023,2,22,Avahi_laniger,Avahi,laniger,Fotsife,1,0,1,NA,NA,60,7,Primary
Nocturnal,25,3,2023,2,23,Cheirogaleus_crossleyi,Cheirogaleus,crossleyi,Tsitsihy,NA,NA,1,NA,NA,0,0,Primary
Nocturnal,27,2,2023,4,21,Avahi_laniger,Avahi,laniger,Fotsife,NA,NA,3,NA,NA,0,0,Primary
Nocturnal,23,2,2023,1,22,Allocebus_trichotis,Allocebus,trichotis,Kandrandra,NA,NA,1,NA,NA,70,10,Primary
Nocturnal,2,3,2023,3,20,Lepilemur_seali,Lepilemur,seali,Fitsidika,NA,NA,1,NA,NA,0,0,Primary
Nocturnal,23,2,2023,1,22,Cheirogaleus_crossleyi,Cheirogaleus,crossleyi,Tsitsihy,NA,NA,1,NA,NA,90,10,Primary
Nocturnal,23,2,2023,1,22,Lepilemur_seali,Lepilemur,seali,Fitsidika,NA,NA,1,NA,NA,60,7,Primary
Nocturnal,7,3,2023,2,25,Cheirogaleus_crossleyi,Cheirogaleus,crossleyi,Tsitsihy,NA,NA,1,NA,NA,0,0,Primary
Nocturnal,9,3,2023,4,23,Allocebus_trichotis,Allocebus,trichotis,Kandrandra,NA,NA,1,NA,NA,0,0,Primary
Nocturnal,9,3,2023,4,23,Cheirogaleus_crossleyi,Cheirogaleus,crossleyi,Tsitsihy,NA,NA,1,NA,NA,0,0,Primary
Nocturnal,9,3,2023,4,23,Cheirogaleus_crossleyi,Cheirogaleus,crossleyi,Tsitsihy,NA,NA,2,NA,NA,0,0,Primary
Nocturnal,9,3,2023,4,23,Cheirogaleus_crossleyi,Cheirogaleus,crossleyi,Tsitsihy,NA,NA,1,NA,NA,0,0,Primary
Nocturnal,11,3,2023,2,26,Cheirogaleus_crossleyi,Cheirogaleus,crossleyi,Tsitsihy,NA,NA,1,NA,NA,0,0,Primary
Nocturnal,11,3,2023,2,26,Cheirogaleus_crossleyi,Cheirogaleus,crossleyi,Tsitsihy,NA,NA,1,NA,NA,0,0,Primary
Nocturnal,11,3,2023,2,26,Cheirogaleus_crossleyi,Cheirogaleus,crossleyi,Tsitsihy,NA,NA,1,NA,NA,0,0,Primary
Nocturnal,11,3,2023,2,26,Cheirogaleus_crossleyi,Cheirogaleus,crossleyi,Tsitsihy,NA,NA,1,NA,NA,0,0,Primary
Nocturnal,12,3,2023,3,22,Allocebus_trichotis,Allocebus,trichotis,Kandrandra,NA,NA,1,NA,NA,0,0,Primary
Nocturnal,12,3,2023,3,22,Cheirogaleus_crossleyi,Cheirogaleus,crossleyi,Tsitsihy,NA,NA,1,NA,NA,0,0,Primary
Nocturnal,6,3,2023,3,21,Lepilemur_seali,Lepilemur,seali,Fitsidika,NA,NA,1,NA,NA,40,15,Primary
Nocturnal,13,3,2023,4,24,Cheirogaleus_crossleyi,Cheirogaleus,crossleyi,Tsitsihy,NA,NA,1,NA,NA,45,10,Primary
Nocturnal,25,3,2023,2,23,Cheirogaleus_crossleyi,Cheirogaleus,crossleyi,Tsitsihy,NA,NA,1,NA,NA,45,15,Primary
Nocturnal,11,3,2023,2,26,Cheirogaleus_crossleyi,Cheirogaleus,crossleyi,Tsitsihy,NA,NA,1,NA,NA,60,10,Primary
Nocturnal,12,3,2023,3,22,Lepilemur_seali,Lepilemur,seali,Fitsidika,NA,NA,1,NA,NA,60,10,Primary
Nocturnal,13,3,2023,4,24,Cheirogaleus_crossleyi,Cheirogaleus,crossleyi,Tsitsihy,NA,NA,1,NA,NA,60,10,Primary
Nocturnal,4,3,2023,4,22,Cheirogaleus_crossleyi,Cheirogaleus,crossleyi,Tsitsihy,NA,NA,1,NA,NA,60,14,Primary
Nocturnal,2,3,2023,3,20,Cheirogaleus_crossleyi,Cheirogaleus,crossleyi,Tsitsihy,NA,NA,1,NA,NA,120,10,Primary
Nocturnal,7,3,2023,2,25,Cheirogaleus_crossleyi,Cheirogaleus,crossleyi,Tsitsihy,NA,NA,1,NA,NA,60,15,Primary
Nocturnal,23,2,2023,1,22,Microcebus_lehilahytsara,Microcebus,lehilahytsara,Tsidy,NA,NA,1,NA,NA,80,9,Primary
Nocturnal,23,2,2023,1,22,Cheirogaleus_crossleyi,Cheirogaleus,crossleyi,Tsitsihy,NA,NA,1,NA,NA,90,20,Primary
Nocturnal,7,3,2023,2,25,Microcebus_lehilahytsara,Microcebus,lehilahytsara,Tsidy,NA,NA,1,NA,NA,80,10,Primary
Nocturnal,11,3,2023,2,26,Cheirogaleus_crossleyi,Cheirogaleus,crossleyi,Tsitsihy,NA,NA,1,NA,NA,80,10,Primary
Nocturnal,12,3,2023,3,22,Cheirogaleus_crossleyi,Cheirogaleus,crossleyi,Tsitsihy,NA,NA,1,NA,NA,80,10,Primary
Nocturnal,23,2,2023,1,22,Microcebus_lehilahytsara,Microcebus,lehilahytsara,Tsidy,NA,NA,1,NA,NA,90,5,Primary
Nocturnal,24,2,2023,3,19,Cheirogaleus_crossleyi,Cheirogaleus,crossleyi,Tsitsihy,NA,NA,1,NA,NA,90,10,Primary
Nocturnal,25,3,2023,2,23,Cheirogaleus_crossleyi,Cheirogaleus,crossleyi,Tsitsihy,NA,NA,1,NA,NA,90,10,Primary
Nocturnal,25,3,2023,2,23,Cheirogaleus_crossleyi,Cheirogaleus,crossleyi,Tsitsihy,NA,NA,2,NA,NA,90,10,Primary
Nocturnal,27,2,2023,4,21,Cheirogaleus_crossleyi,Cheirogaleus,crossleyi,Tsitsihy,NA,NA,1,NA,NA,90,10,Primary
Nocturnal,4,3,2023,4,22,Cheirogaleus_crossleyi,Cheirogaleus,crossleyi,Tsitsihy,NA,NA,1,NA,NA,90,10,Primary
Nocturnal,23,2,2023,1,22,Allocebus_trichotis,Allocebus,trichotis,Kandrandra,NA,NA,1,NA,NA,90,8,Primary
Nocturnal,28,2,2023,1,23,Allocebus_trichotis,Allocebus,trichotis,Kandrandra,NA,NA,2,NA,NA,0,0,Primary
Nocturnal,27,2,2023,4,21,Lepilemur_seali,Lepilemur,seali,Fitsidika,NA,NA,1,NA,NA,110,10,Primary
Nocturnal,2,3,2023,3,20,Lepilemur_seali,Lepilemur,seali,Fitsidika,NA,NA,1,NA,NA,240,10,Primary
Nocturnal,2,3,2023,3,20,Lepilemur_seali,Lepilemur,seali,Fitsidika,NA,NA,1,NA,NA,260,10,Primary
Nocturnal,28,2,2023,1,23,Microcebus_lehilahytsara,Microcebus,lehilahytsara,Tsidy,NA,NA,1,NA,NA,270,15,Primary
Nocturnal,2,3,2023,3,20,Avahi_laniger,Avahi,laniger,Fotsife,NA,NA,1,NA,NA,280,10,Primary
Nocturnal,6,3,2023,3,21,Lepilemur_seali,Lepilemur,seali,Fitsidika,NA,NA,1,NA,NA,280,10,Primary
Nocturnal,28,2,2023,1,23,Cheirogaleus_crossleyi,Cheirogaleus,crossleyi,Tsitsihy,NA,NA,1,NA,NA,220,30,Primary
Nocturnal,11,3,2023,2,26,Cheirogaleus_crossleyi,Cheirogaleus,crossleyi,Tsitsihy,NA,NA,1,NA,NA,280,10,Primary
Nocturnal,4,3,2023,4,22,Cheirogaleus_crossleyi,Cheirogaleus,crossleyi,Tsitsihy,NA,NA,2,NA,NA,290,15,Primary
Nocturnal,9,3,2023,4,23,Cheirogaleus_crossleyi,Cheirogaleus,crossleyi,Tsitsihy,NA,NA,1,NA,NA,290,15,Primary
Nocturnal,3,3,2023,2,24,Cheirogaleus_crossleyi,Cheirogaleus,crossleyi,Tsitsihy,NA,NA,1,NA,NA,300,10,Primary
Nocturnal,4,3,2023,4,22,Cheirogaleus_crossleyi,Cheirogaleus,crossleyi,Tsitsihy,NA,NA,1,NA,NA,300,10,Primary
Nocturnal,6,3,2023,3,21,Cheirogaleus_crossleyi,Cheirogaleus,crossleyi,Tsitsihy,NA,NA,2,NA,NA,310,10,Primary
Nocturnal,9,3,2023,4,23,Lepilemur_seali,Lepilemur,seali,Fitsidika,NA,NA,1,NA,NA,310,10,Primary
Nocturnal,2,3,2023,3,20,Lepilemur_seali,Lepilemur,seali,Fitsidika,NA,NA,1,NA,NA,320,10,Primary
Nocturnal,2,3,2023,3,20,Cheirogaleus_crossleyi,Cheirogaleus,crossleyi,Tsitsihy,NA,NA,2,NA,NA,320,10,Primary
Nocturnal,24,2,2023,3,19,Cheirogaleus_crossleyi,Cheirogaleus,crossleyi,Tsitsihy,NA,NA,3,NA,NA,350,15,Primary
Nocturnal,13,3,2023,4,24,Allocebus_trichotis,Allocebus,trichotis,Kandrandra,NA,NA,1,NA,NA,110,5,Primary
Nocturnal,28,2,2023,1,23,Allocebus_trichotis,Allocebus,trichotis,Kandrandra,3,1,2,NA,NA,280,5,Primary
Nocturnal,24,2,2023,3,19,Cheirogaleus_crossleyi,Cheirogaleus,crossleyi,Tsitsihy,NA,NA,1,NA,NA,240,20,Primary
Nocturnal,12,3,2023,3,22,Cheirogaleus_crossleyi,Cheirogaleus,crossleyi,Tsitsihy,NA,NA,2,NA,NA,260,20,Primary
Nocturnal,2,3,2023,3,20,Cheirogaleus_crossleyi,Cheirogaleus,crossleyi,Tsitsihy,NA,NA,1,NA,NA,270,20,Primary
Nocturnal,13,3,2023,4,24,Microcebus_lehilahytsara,Microcebus,lehilahytsara,Tsidy,NA,NA,1,NA,NA,270,5,Primary
Nocturnal,13,3,2023,4,24,Cheirogaleus_crossleyi,Cheirogaleus,crossleyi,Tsitsihy,NA,NA,1,NA,NA,280,20,Primary
Nocturnal,12,3,2023,3,22,Cheirogaleus_crossleyi,Cheirogaleus,crossleyi,Tsitsihy,NA,NA,1,NA,NA,280,25,Primary
Nocturnal,28,2,2023,1,23,Cheirogaleus_crossleyi,Cheirogaleus,crossleyi,Tsitsihy,NA,NA,1,NA,NA,310,20,Primary
Nocturnal,25,3,2023,2,23,Allocebus_trichotis,Allocebus,trichotis,Kandrandra,NA,NA,1,NA,NA,280,6,Primary
Nocturnal,4,3,2023,4,22,Allocebus_trichotis,Allocebus,trichotis,Kandrandra,NA,NA,3,NA,NA,290,20,Primary
Nocturnal,11,3,2023,2,26,Microcebus_lehilahytsara,Microcebus,lehilahytsara,Tsidy,NA,NA,1,NA,NA,290,5,Primary
Nocturnal,3,3,2023,2,24,Microcebus_lehilahytsara,Microcebus,lehilahytsara,Tsidy,NA,NA,1,NA,NA,290,7,Primary
Nocturnal,28,2,2023,1,23,Microcebus_lehilahytsara,Microcebus,lehilahytsara,Tsidy,NA,NA,1,NA,NA,320,6,Primary
Nocturnal,12,3,2023,3,22,Cheirogaleus_crossleyi,Cheirogaleus,crossleyi,Tsitsihy,NA,NA,1,NA,NA,300,20,Primary
Nocturnal,24,2,2023,3,19,Lepilemur_seali,Lepilemur,seali,Fitsidika,NA,NA,1,NA,NA,300,5,Primary
Nocturnal,25,3,2023,2,23,Cheirogaleus_crossleyi,Cheirogaleus,crossleyi,Tsitsihy,NA,NA,1,NA,NA,300,5,Primary
Nocturnal,28,2,2023,1,23,Microcebus_lehilahytsara,Microcebus,lehilahytsara,Tsidy,NA,NA,1,NA,NA,40,5,Primary
Nocturnal,6,3,2023,3,21,Cheirogaleus_crossleyi,Cheirogaleus,crossleyi,Tsitsihy,NA,NA,1,NA,NA,310,20,Primary
Nocturnal,5,3,2023,1,24,Microcebus_lehilahytsara,Microcebus,lehilahytsara,Tsidy,NA,NA,1,NA,NA,0,0,Primary
Nocturnal,11,3,2023,2,26,Cheirogaleus_crossleyi,Cheirogaleus,crossleyi,Tsitsihy,NA,NA,1,NA,NA,320,25,Primary
Nocturnal,25,3,2023,2,23,Cheirogaleus_crossleyi,Cheirogaleus,crossleyi,Tsitsihy,NA,NA,1,NA,NA,320,6,Primary
Nocturnal,5,3,2023,1,24,Lepilemur_seali,Lepilemur,seali,Fitsidika,NA,NA,2,NA,NA,0,0,Primary
Nocturnal,27,2,2023,4,21,Avahi_laniger,Avahi,laniger,Fotsife,NA,NA,1,NA,NA,340,5,Primary
Nocturnal,13,3,2023,4,24,Cheirogaleus_crossleyi,Cheirogaleus,crossleyi,Tsitsihy,NA,NA,1,NA,NA,40,20,Primary
Nocturnal,11,3,2023,2,26,Cheirogaleus_crossleyi,Cheirogaleus,crossleyi,Tsitsihy,NA,NA,1,NA,NA,40,30,Primary
Nocturnal,5,3,2023,1,24,Lepilemur_seali,Lepilemur,seali,Fitsidika,NA,NA,1,NA,NA,70,10,Primary
Nocturnal,11,3,2023,2,26,Cheirogaleus_crossleyi,Cheirogaleus,crossleyi,Tsitsihy,NA,NA,1,NA,NA,45,20,Primary
Nocturnal,12,3,2023,3,22,Lepilemur_seali,Lepilemur,seali,Fitsidika,NA,NA,1,NA,NA,60,15,Primary
Nocturnal,4,3,2023,4,22,Cheirogaleus_crossleyi,Cheirogaleus,crossleyi,Tsitsihy,NA,NA,2,NA,NA,60,20,Primary
Nocturnal,7,3,2023,2,25,Cheirogaleus_crossleyi,Cheirogaleus,crossleyi,Tsitsihy,NA,NA,1,NA,NA,60,20,Primary
Nocturnal,11,3,2023,2,26,Cheirogaleus_crossleyi,Cheirogaleus,crossleyi,Tsitsihy,NA,NA,1,NA,NA,60,20,Primary
Nocturnal,27,2,2023,4,21,Cheirogaleus_crossleyi,Cheirogaleus,crossleyi,Tsitsihy,NA,NA,1,NA,NA,60,5,Primary
Nocturnal,6,3,2023,3,21,Allocebus_trichotis,Allocebus,trichotis,Kandrandra,NA,NA,1,NA,NA,60,5,Primary
Nocturnal,9,3,2023,4,23,Allocebus_trichotis,Allocebus,trichotis,Kandrandra,NA,NA,1,NA,NA,60,5,Primary
Nocturnal,5,3,2023,1,24,Lepilemur_seali,Lepilemur,seali,Fitsidika,NA,NA,1,NA,NA,90,15,Primary
Nocturnal,7,3,2023,2,25,Cheirogaleus_crossleyi,Cheirogaleus,crossleyi,Tsitsihy,NA,NA,1,NA,NA,70,20,Primary
Nocturnal,2,3,2023,3,20,Cheirogaleus_crossleyi,Cheirogaleus,crossleyi,Tsitsihy,NA,NA,1,NA,NA,70,6,Primary
Nocturnal,13,3,2023,4,24,Allocebus_trichotis,Allocebus,trichotis,Kandrandra,NA,NA,2,NA,NA,70,8,Primary
Nocturnal,24,2,2023,3,19,Allocebus_trichotis,Allocebus,trichotis,Kandrandra,NA,NA,2,NA,NA,80,18,Primary
Nocturnal,3,3,2023,2,24,Cheirogaleus_crossleyi,Cheirogaleus,crossleyi,Tsitsihy,NA,NA,1,NA,NA,80,20,Primary
Nocturnal,5,3,2023,1,24,Avahi_laniger,Avahi,laniger,Fotsife,NA,NA,1,NA,NA,30,5,Primary
Nocturnal,6,3,2023,3,21,Allocebus_trichotis,Allocebus,trichotis,Kandrandra,NA,NA,1,NA,NA,80,20,Primary
Nocturnal,7,3,2023,2,25,Allocebus_trichotis,Allocebus,trichotis,Kandrandra,NA,NA,1,NA,NA,80,5,Primary
Nocturnal,5,3,2023,1,24,Cheirogaleus_crossleyi,Cheirogaleus,crossleyi,Tsitsihy,NA,NA,1,NA,NA,320,20,Primary
Nocturnal,6,3,2023,3,21,Cheirogaleus_crossleyi,Cheirogaleus,crossleyi,Tsitsihy,NA,NA,1,NA,NA,80,6,Primary
Nocturnal,5,3,2023,1,24,Allocebus_trichotis,Allocebus,trichotis,Kandrandra,NA,NA,1,NA,NA,120,5,Primary
Nocturnal,11,3,2023,2,26,Cheirogaleus_crossleyi,Cheirogaleus,crossleyi,Tsitsihy,NA,NA,1,NA,NA,90,15,Primary
Nocturnal,12,3,2023,3,22,Cheirogaleus_crossleyi,Cheirogaleus,crossleyi,Tsitsihy,NA,NA,1,NA,NA,90,15,Primary
Nocturnal,5,3,2023,1,24,Microcebus_lehilahytsara,Microcebus,lehilahytsara,Tsidy,NA,NA,1,NA,NA,20,6,Primary
Nocturnal,27,2,2023,4,21,Cheirogaleus_crossleyi,Cheirogaleus,crossleyi,Tsitsihy,NA,NA,1,NA,NA,90,20,Primary
Nocturnal,2,3,2023,3,20,Lepilemur_seali,Lepilemur,seali,Fitsidika,NA,NA,1,NA,NA,90,20,Primary
Nocturnal,4,3,2023,4,22,Lepilemur_seali,Lepilemur,seali,Fitsidika,NA,NA,1,NA,NA,90,20,Primary
Nocturnal,27,2,2023,4,21,Cheirogaleus_crossleyi,Cheirogaleus,crossleyi,Tsitsihy,NA,NA,1,NA,NA,90,25,Primary
Nocturnal,3,3,2023,2,24,Cheirogaleus_crossleyi,Cheirogaleus,crossleyi,Tsitsihy,NA,NA,1,NA,NA,90,25,Primary
Nocturnal,10,3,2023,1,25,Avahi_laniger,Avahi,laniger,Fotsife,NA,NA,1,NA,NA,90,15,Primary
Nocturnal,6,3,2023,3,21,Cheirogaleus_crossleyi,Cheirogaleus,crossleyi,Tsitsihy,NA,NA,1,NA,NA,90,25,Primary
Nocturnal,6,3,2023,3,21,Cheirogaleus_crossleyi,Cheirogaleus,crossleyi,Tsitsihy,NA,NA,1,NA,NA,90,30,Primary
Nocturnal,25,3,2023,2,23,Allocebus_trichotis,Allocebus,trichotis,Kandrandra,NA,NA,1,NA,NA,90,4,Primary
Nocturnal,10,3,2023,1,25,Cheirogaleus_crossleyi,Cheirogaleus,crossleyi,Tsitsihy,NA,NA,2,NA,NA,280,10,Primary
Nocturnal,3,3,2023,2,24,Cheirogaleus_crossleyi,Cheirogaleus,crossleyi,Tsitsihy,NA,NA,1,NA,NA,90,6,Primary
Nocturnal,7,3,2023,2,25,Microcebus_lehilahytsara,Microcebus,lehilahytsara,Tsidy,NA,NA,1,NA,NA,90,6,Primary
Nocturnal,10,3,2023,1,25,Allocebus_trichotis,Allocebus,trichotis,Kandrandra,NA,NA,1,NA,NA,80,5,Primary
Nocturnal,25,3,2023,2,23,Cheirogaleus_crossleyi,Cheirogaleus,crossleyi,Tsitsihy,NA,NA,1,NA,NA,90,8,Primary
Nocturnal,25,3,2023,2,23,Microcebus_lehilahytsara,Microcebus,lehilahytsara,Tsidy,NA,NA,1,NA,NA,90,9,Primary
Diurnal,13,6,2023,6,1,NA,NA,NA,NA,0,0,0,0,0,NA,NA,Savoko
Diurnal,14,6,2023,5,1,NA,NA,NA,NA,0,0,0,0,0,NA,NA,Savoko
Diurnal,14,6,2023,6,2,NA,NA,NA,NA,0,0,0,0,0,NA,NA,Savoko
Nocturnal,14,6,2023,6,1,Microcebus_lehilahytsara,Microcebus,lehilahytsara,Tsidy,1,0,0,0,0,50,10,Savoko
Diurnal,15,6,2023,6,3,NA,NA,NA,NA,0,0,0,0,0,NA,NA,Savoko
Diurnal,15,6,2023,5,2,NA,NA,NA,NA,0,0,0,0,0,NA,NA,Savoko
Diurnal,16,6,2023,6,4,NA,NA,NA,NA,0,0,0,0,0,NA,NA,Savoko
Nocturnal,16,6,2023,6,2,Microcebus_lehilahytsara,Microcebus,lehilahytsara,Tsidy,1,0,0,0,0,290,6,Savoko
Diurnal,22,6,2023,5,3,NA,NA,NA,NA,0,0,0,0,0,NA,NA,Savoko
Diurnal,23,6,2023,6,5,NA,NA,NA,NA,NA,NA,NA,NA,NA,NA,NA,Savoko
Nocturnal,23,6,2023,5,1,Microcebus_lehilahytsara,Microcebus,lehilahytsara,Tsidy,1,0,0,0,0,40,5,Savoko
Nocturnal,23,6,2023,5,1,Lepilemur_seali,Lepilemur,seali,Fitsidika,1,0,0,0,0,270,5,Savoko
Nocturnal,24,6,2023,6,3,Microcebus_lehilahytsara,Microcebus,lehilahytsara,Tsidy,1,0,0,0,0,300,4,Savoko
Nocturnal,24,6,2023,6,3,Microcebus_lehilahytsara,Microcebus,lehilahytsara,Tsidy,1,0,0,0,0,290,20,Savoko
Nocturnal,24,6,2023,6,3,Allocebus_trichotis,Allocebus,trichotis,kandrandra,1,0,0,0,0,39,10,Savoko
Nocturnal,24,6,2023,6,3,Cheirogaleus_crossleyi,Cheirogaleus,crossleyi,Tsitsihy,1,0,0,0,0,310,30,Savoko
Nocturnal,24,6,2023,6,3,Microcebus_lehilahytsara,Microcebus,lehilahytsara,Tsidy,1,0,0,0,0,300,4,Savoko
Nocturnal,24,6,2023,6,3,Allocebus_trichotis,Allocebus,trichotis,kandrandra,1,0,0,0,0,90,15,Savoko
Nocturnal,27,6,2023,6,4,Allocebus_trichotis,Allocebus,trichotis,kandrandra,1,0,0,0,0,90,4,Savoko
Nocturnal,27,6,2023,6,4,Allocebus_trichotis,Allocebus,trichotis,kandrandra,1,0,0,0,0,108,6,Savoko
Nocturnal,27,6,2023,6,4,Allocebus_trichotis,Allocebus,trichotis,kandrandra,1,0,0,0,0,90,15,Savoko
Nocturnal,27,6,2023,6,4,Microcebus_lehilahytsara,Microcebus,lehilahytsara,Tsidy,1,0,0,0,0,130,20,Savoko
Diurnal,27,6,2023,5,4,NA,NA,NA,NA,0,0,0,0,0,NA,NA,Savoko
Diurnal,28,6,2023,6,6,NA,NA,NA,NA,0,0,0,0,0,NA,NA,Savoko
Nocturnal,29,6,2023,5,2,Microcebus_lehilahytsara,Microcebus,lehilahytsara,Tsidy,1,0,0,0,0,120,20,Savoko
Nocturnal,30,6,2023,6,5,Microcebus_lehilahytsara,Microcebus,lehilahytsara,Tsidy,1,0,0,0,0,90,30,Savoko
Nocturnal,30,6,2023,6,5,Microcebus_lehilahytsara,Microcebus,lehilahytsara,Tsidy,1,0,0,0,0,90,15,Savoko
Nocturnal,30,6,2023,6,5,Allocebus_trichotis,Allocebus,trichotis,kandrandra,1,0,0,0,0,90,12,Savoko
Nocturnal,30,6,2023,6,5,Microcebus_lehilahytsara,Microcebus,lehilahytsara,Tsidy,1,0,0,0,0,90,14,Savoko
Nocturnal,30,6,2023,6,5,Microcebus_lehilahytsara,Microcebus,lehilahytsara,Tsidy,1,0,0,0,0,90,20,Savoko
Nocturnal,30,6,2023,6,5,Microcebus_lehilahytsara,Microcebus,lehilahytsara,Tsidy,1,0,0,0,0,70,4,Savoko
Nocturnal,30,6,2023,6,5,Avahi_laniger,Avahi,laniger,Fotsife,1,0,1,0,0,75,20,Savoko
Nocturnal,30,6,2023,6,5,Allocebus_trichotis,Allocebus,trichotis,kandrandra,1,0,0,0,0,40,25,Savoko
Nocturnal,30,6,2023,6,5,Lepilemur_seali,Lepilemur,seali,Fitsidika,1,0,1,0,0,120,8,Savoko
Nocturnal,30,6,2023,6,5,Allocebus_trichotis,Allocebus,trichotis,kandrandra,1,0,0,0,0,40,12,Savoko
Diurnal,30,6,2023,6,7,NA,NA,NA,NA,0,0,0,0,0,NA,NA,Savoko
Diurnal,1,7,2023,5,5,NA,NA,NA,NA,0,0,0,0,0,NA,NA,Savoko
Diurnal,3,7,2023,6,8,Hapalemur_occidentalis,Hapalemur,occidentalis,Bokombolo,1,0,1,0,0,350,9,Savoko
Nocturnal,3,7,2023,5,3,Microcebus_lehilahytsara,Microcebus,lehilahytsara,Tsidy,1,0,1,0,0,300,6,Savoko
Diurnal,5,7,2023,5,6,Propithecus_candidus,Propithecus,candidus,Simpona,3,1,3,1,1,90,13,Savoko
Diurnal,5,7,2023,6,9,NA,NA,NA,NA,0,0,0,0,0,NA,NA,Savoko
Diurnal,6,7,2023,5,7,Hapalemur_occidentalis,Hapalemur,occidentalis,Bokombolo,2,NA,2,NA,NA,85,10,Savoko
Nocturnal,7,7,2023,5,4,Microcebus_lehilahytsara,Microcebus,lehilahytsara,Tsidy,1,0,1,0,0,80,10,Savoko
Nocturnal,7,7,2023,5,4,Lepilemur_seali,Lepilemur,seali,Fitsidika,1,0,1,0,0,320,50,Savoko
Diurnal,8,7,2023,6,10,NA,NA,NA,NA,0,0,0,0,0,NA,NA,Savoko
Diurnal,8,7,2023,5,8,NA,NA,NA,NA,0,0,0,0,0,NA,NA,Savoko
Nocturnal,8,7,2023,6,6,Microcebus_lehilahytsara,Microcebus,lehilahytsara,Tsidy,1,0,1,0,0,30,8,Savoko
Nocturnal,10,7,2023,5,5,Microcebus_lehilahytsara,Microcebus,lehilahytsara,Tsidy,1,0,1,0,0,30,22,Savoko
Nocturnal,10,7,2023,5,5,Allocebus_trichotis,Allocebus,trichotis,kandrandra,1,0,1,0,0,340,3,Savoko
Nocturnal,10,7,2023,5,5,Avahi_laniger,Avahi,laniger,Fotsife,1,0,1,0,0,220,30,Savoko
Nocturnal,10,7,2023,5,5,Microcebus_lehilahytsara,Microcebus,lehilahytsara,Tsidy,1,0,1,0,0,10,12,Savoko
Nocturnal,10,7,2023,5,5,Microcebus_lehilahytsara,Microcebus,lehilahytsara,Tsidy,1,0,1,0,0,50,4,Savoko
Diurnal,10,7,2023,5,9,NA,NA,NA,NA,0,0,0,0,0,NA,NA,Savoko
Diurnal,10,7,2023,6,11,NA,NA,NA,NA,0,0,0,0,0,NA,NA,Savoko
Nocturnal,11,7,2023,6,7,Microcebus_lehilahytsara,Microcebus,lehilahytsara,Tsidy,1,0,1,0,0,20,15,Savoko
Nocturnal,11,7,2023,6,7,Microcebus_lehilahytsara,Microcebus,lehilahytsara,Tsidy,1,0,1,0,0,90,25,Savoko
Nocturnal,11,7,2023,6,7,Allocebus_trichotis,Allocebus,trichotis,kandrandra,1,0,1,0,0,50,30,Savoko
Nocturnal,11,7,2023,6,7,Microcebus_lehilahytsara,Microcebus,lehilahytsara,Tsidy,1,0,1,0,0,0,0,Savoko
Nocturnal,11,7,2023,6,7,Microcebus_lehilahytsara,Microcebus,lehilahytsara,Tsidy,1,0,1,0,0,100,18,Savoko
Diurnal,11,7,2023,6,12,NA,NA,NA,NA,0,0,0,0,0,NA,NA,Savoko
Diurnal,11,7,2023,5,10,NA,NA,NA,NA,0,0,0,0,0,NA,NA,Savoko
Nocturnal,12,7,2023,5,6,Microcebus_lehilahytsara,Microcebus,lehilahytsara,Tsidy,1,0,1,0,0,150,9,Savoko
Diurnal,15,7,2023,6,13,Eulemur_albifrons,Eulemur,albifrons,Akomba Fotsy Loha,4,0,4,0,0,270,20,Savoko
Diurnal,15,7,2023,5,11,NA,NA,NA,NA,0,0,0,0,0,NA,NA,Savoko
Diurnal,15,7,2023,6,14,Eulemur_albifrons,Eulemur,albifrons,Akomba Fotsy Loha,5,1,4,2,3,90,10,Savoko
Nocturnal,15,7,2023,6,8,Microcebus_lehilahytsara,Microcebus,lehilahytsara,Tsidy,1,0,0,0,0,290,7,Savoko
Nocturnal,15,7,2023,6,8,Microcebus_lehilahytsara,Microcebus,lehilahytsara,Tsidy,1,0,0,0,0,80,20,Savoko
Nocturnal,15,7,2023,6,8,Microcebus_lehilahytsara,Microcebus,lehilahytsara,Tsidy,1,0,0,0,0,140,3,Savoko
Nocturnal,15,7,2023,6,8,Microcebus_lehilahytsara,Microcebus,lehilahytsara,Tsidy,1,0,0,0,0,60,4,Savoko
Nocturnal,15,7,2023,6,8,Lepilemur_seali,Lepilemur,seali,Fitsidika,1,0,1,0,0,110,30,Savoko
Nocturnal,15,7,2023,6,8,Avahi_laniger,Avahi,laniger,Fotsife,1,0,1,0,0,80,15,Savoko
Nocturnal,15,7,2023,6,8,Microcebus_lehilahytsara,Microcebus,lehilahytsara,Tsidy,1,0,0,0,0,40,10,Savoko
Nocturnal,17,7,2023,5,7,Allocebus_trichotis,Allocebus,trichotis,kandrandra,1,0,1,0,0,50,12,Savoko
Nocturnal,17,7,2023,5,7,Microcebus_lehilahytsara,Microcebus,lehilahytsara,Tsidy,2,0,2,0,0,60,20,Savoko
Nocturnal,18,7,2023,6,9,Microcebus_lehilahytsara,Microcebus,lehilahytsara,Tsidy,1,0,1,0,0,0,0,Savoko
Nocturnal,18,7,2023,6,9,Microcebus_lehilahytsara,Microcebus,lehilahytsara,Tsidy,1,0,1,0,0,90,17,Savoko
Nocturnal,18,7,2023,6,9,Lepilemur_seali,Lepilemur,seali,Fitsidika,2,0,2,0,0,332,6,Savoko
Diurnal,18,7,2023,6,15,NA,NA,NA,NA,NA,NA,NA,NA,NA,NA,NA,Savoko
Diurnal,18,7,2023,5,12,NA,NA,NA,NA,NA,NA,NA,NA,NA,NA,NA,Savoko
Diurnal,19,7,2023,6,16,Hapalemur_occidentalis,Hapalemur,occidentalis,Bokombolo,3,1,3,1,1,90,8,Savoko
Nocturnal,20,7,2023,5,8,NA,NA,NA,NA,0,0,0,0,0,NA,NA,Savoko
Diurnal,20,7,2023,6,17,NA,NA,NA,NA,0,0,0,0,0,NA,NA,Savoko
Diurnal,20,7,2023,5,13,NA,NA,NA,NA,0,0,0,0,0,NA,NA,Savoko
Nocturnal,22,7,2023,6,10,Lepilemur_seali,Lepilemur,seali,Fitsidika,1,0,1,0,0,90,4,Savoko
Diurnal,24,7,2023,6,18,NA,NA,NA,NA,0,0,0,0,0,NA,NA,Savoko
Diurnal,24,7,2023,5,14,NA,NA,NA,NA,0,0,0,0,0,NA,NA,Savoko
Nocturnal,24,7,2023,6,11,Microcebus_lehilahytsara,Microcebus,lehilahytsara,Tsidy,1,0,0,0,0,90,40,Savoko
Nocturnal,24,7,2023,6,11,Allocebus_trichotis,Allocebus,trichotis,Tsidy,1,0,0,0,0,0,0,Savoko
Nocturnal,24,7,2023,6,11,Avahi_laniger,Avahi,laniger,Fotsife,2,1,2,0,1,90,25,Savoko
Nocturnal,25,7,2023,5,9,Microcebus_lehilahytsara,Microcebus,lehilahytsara,Tsidy,1,0,1,0,0,35,22,Savoko
Nocturnal,25,7,2023,5,9,Avahi_laniger,Avahi,laniger,Fotsife,2,0,2,1,1,60,13,Savoko
Nocturnal,25,7,2023,5,9,Microcebus_lehilahytsara,Microcebus,lehilahytsara,Tsidy,1,0,1,0,0,30,12,Savoko
Nocturnal,25,7,2023,5,9,Lepilemur_seali,Lepilemur,seali,Fitsidika,1,0,1,0,0,10,25,Savoko
Diurnal,26,7,2023,5,15,NA,NA,NA,NA,0,0,0,0,0,NA,NA,Savoko
Diurnal,27,7,2023,6,18,Hapalemur_occidentalis,Hapalemur,occidentalis,Bokombolo,2,0,2,NA,NA,260,12,Savoko
Diurnal,29,7,2023,5,16,NA,NA,NA,NA,0,0,0,0,0,NA,NA,Savoko
Diurnal,1,8,2023,6,20,NA,NA,NA,NA,NA,NA,NA,NA,NA,NA,NA,Savoko
Diurnal,1,8,2023,5,17,NA,NA,NA,NA,NA,NA,NA,NA,NA,NA,NA,Savoko
Diurnal,3,8,2023,5,18,NA,NA,NA,NA,NA,NA,NA,NA,NA,NA,NA,Savoko
Diurnal,8,8,2023,6,21,NA,NA,NA,NA,NA,NA,NA,NA,NA,NA,NA,Savoko
Diurnal,8,8,2023,5,19,NA,NA,NA,NA,NA,NA,NA,NA,NA,NA,NA,Savoko
Diurnal,10,8,2023,5,20,NA,NA,NA,NA,NA,NA,NA,NA,NA,NA,NA,Savoko
Nocturnal,31,10,2023,5,10,Cheirogaleus_crossleyi,Cheirogaleus,crossleyi,Tsitsihy,1,0,1,0,0,50,20,Savoko
Nocturnal,31,10,2023,5,10,Cheirogaleus_crossleyi,Cheirogaleus,crossleyi,Tsitsihy,1,0,1,0,0,90,15,Savoko
Nocturnal,31,10,2023,5,10,Allocebus_trichotis,Allocebus,trichotis,kandrandra,1,0,1,0,0,20,5,Savoko
Nocturnal,31,10,2023,5,10,Cheirogaleus_crossleyi,Cheirogaleus,crossleyi,Tsitsihy,1,0,1,0,0,0,0,Savoko
Nocturnal,31,10,2023,6,12,Cheirogaleus_crossleyi,Cheirogaleus,crossleyi,Tsitsihy,1,0,1,0,0,0,0,Savoko
Nocturnal,31,10,2023,6,12,Cheirogaleus_crossleyi,Cheirogaleus,crossleyi,Tsitsihy,1,0,1,0,0,60,20,Savoko
Nocturnal,31,10,2023,6,12,Cheirogaleus_crossleyi,Cheirogaleus,crossleyi,Tsitsihy,1,0,1,0,0,90,15,Savoko
Nocturnal,31,10,2023,6,12,Cheirogaleus_crossleyi,Cheirogaleus,crossleyi,Tsitsihy,1,0,1,0,0,70,20,Savoko
Nocturnal,31,10,2023,6,12,Microcebus_lehilahytsara,Microcebus,lehilahytsara,Tsidy,1,0,1,0,0,90,10,Savoko
Nocturnal,1,11,2023,5,11,Cheirogaleus_crossleyi,Cheirogaleus,crossleyi,Tsitsihy,1,0,1,0,0,50,10,Savoko
Nocturnal,1,11,2023,5,11,Cheirogaleus_crossleyi,Cheirogaleus,crossleyi,Tsitsihy,1,0,1,0,0,30,15,Savoko
Nocturnal,1,11,2023,5,11,Cheirogaleus_crossleyi,Cheirogaleus,crossleyi,Tsitsihy,1,0,1,0,0,60,20,Savoko
Nocturnal,1,11,2023,5,11,Cheirogaleus_crossleyi,Cheirogaleus,crossleyi,Tsitsihy,1,0,1,0,0,90,8,Savoko
Nocturnal,1,11,2023,5,11,Lepilemur_seali,Lepilemur,seali,Fitsidika,1,0,1,0,0,0,0,Savoko
Nocturnal,1,11,2023,5,11,Allocebus_trichotis,Allocebus,trichotis,kandrandra,1,0,1,0,0,320,20,Savoko
Nocturnal,2,11,2023,6,13,Cheirogaleus_crossleyi,Cheirogaleus,crossleyi,Tsitsihy,1,0,1,0,0,290,25,Savoko
Nocturnal,2,11,2023,6,13,Cheirogaleus_crossleyi,Cheirogaleus,crossleyi,Tsitsihy,1,0,1,0,0,90,15,Savoko
Nocturnal,2,11,2023,6,13,Allocebus_trichotis,Allocebus,trichotis,kandrandra,1,0,1,0,0,310,15,Savoko
Nocturnal,2,11,2023,6,13,Lepilemur_seali,Lepilemur,seali,Fitsidika,1,0,1,0,0,0,0,Savoko
Nocturnal,2,11,2023,6,13,Microcebus_lehilahytsara,Microcebus,lehilahytsara,Tsidy,1,0,1,0,0,20,8,Savoko
Nocturnal,2,11,2023,6,13,Cheirogaleus_crossleyi,Cheirogaleus,crossleyi,Tsitsihy,1,0,1,0,0,0,0,Savoko
Nocturnal,2,11,2023,5,12,Lepilemur_seali,Lepilemur,seali,Fitsidika,1,0,1,0,0,310,20,Savoko
Nocturnal,2,11,2023,5,12,Cheirogaleus_crossleyi,Cheirogaleus,crossleyi,Tsitsihy,1,0,1,0,0,20,18,Savoko
Nocturnal,2,11,2023,5,12,Cheirogaleus_crossleyi,Cheirogaleus,crossleyi,Tsitsihy,1,0,1,0,0,40,25,Savoko
Nocturnal,2,11,2023,5,12,Microcebus_lehilahytsara,Microcebus,lehilahytsara,Tsidy,1,0,1,0,0,90,5,Savoko
Nocturnal,2,11,2023,5,12,Cheirogaleus_crossleyi,Cheirogaleus,crossleyi,Tsitsihy,1,0,1,0,0,0,0,Savoko
Nocturnal,3,11,2023,6,14,Cheirogaleus_crossleyi,Cheirogaleus,crossleyi,Tsitsihy,1,0,1,0,0,260,20,Savoko
Nocturnal,3,11,2023,6,14,Cheirogaleus_crossleyi,Cheirogaleus,crossleyi,Tsitsihy,1,0,1,0,0,0,0,Savoko
Nocturnal,3,11,2023,6,14,Microcebus_lehilahytsara,Microcebus,lehilahytsara,Tsidy,1,0,1,0,0,0,0,Savoko
Nocturnal,3,11,2023,6,14,Cheirogaleus_crossleyi,Cheirogaleus,crossleyi,Tsitsihy,2,0,2,0,0,90,30,Savoko
Nocturnal,3,11,2023,6,14,Lepilemur_seali,Lepilemur,seali,Fitsidika,1,0,1,0,0,340,15,Savoko
Nocturnal,3,11,2023,6,14,Cheirogaleus_crossleyi,Cheirogaleus,crossleyi,Tsitsihy,1,0,1,0,0,40,15,Savoko
Nocturnal,3,11,2023,6,14,Allocebus_trichotis,Allocebus,trichotis,kandrandra,1,0,1,0,0,320,10,Savoko
Nocturnal,5,11,2023,5,13,Cheirogaleus_crossleyi,Cheirogaleus,crossleyi,Tsitsihy,1,0,1,0,0,90,25,Savoko
Nocturnal,5,11,2023,5,13,Allocebus_trichotis,Allocebus,trichotis,kandrandra,1,0,1,0,0,0,0,Savoko
Nocturnal,5,11,2023,5,13,Cheirogaleus_crossleyi,Cheirogaleus,crossleyi,Tsitsihy,1,0,1,0,0,250,30,Savoko
Nocturnal,5,11,2023,5,13,Cheirogaleus_crossleyi,Cheirogaleus,crossleyi,Tsitsihy,1,0,1,0,0,0,0,Savoko
Nocturnal,5,11,2023,6,15,Cheirogaleus_crossleyi,Cheirogaleus,crossleyi,Tsitsihy,1,0,1,0,0,310,15,Savoko
Nocturnal,5,11,2023,6,15,Cheirogaleus_crossleyi,Cheirogaleus,crossleyi,Tsitsihy,1,0,1,0,0,70,35,Savoko
Nocturnal,5,11,2023,6,15,Microcebus_lehilahytsara,Microcebus,lehilahytsara,Tsidy,2,0,2,0,0,310,17,Savoko
Nocturnal,5,11,2023,6,15,Microcebus_lehilahytsara,Microcebus,lehilahytsara,Tsidy,1,0,1,0,0,20,5,Savoko
Nocturnal,5,11,2023,6,15,Cheirogaleus_crossleyi,Cheirogaleus,crossleyi,Tsitsihy,2,0,2,0,0,300,30,Savoko
Nocturnal,5,11,2023,6,15,Lepilemur_seali,Lepilemur,seali,Fitsidika,1,0,1,0,0,300,25,Savoko
Nocturnal,5,11,2023,6,15,Microcebus_lehilahytsara,Microcebus,lehilahytsara,Tsidy,1,0,1,0,0,320,4,Savoko
Nocturnal,5,11,2023,6,15,Lepilemur_seali,Lepilemur,seali,Fitsidika,1,0,1,0,0,0,0,Savoko
Nocturnal,5,11,2023,6,15,Cheirogaleus_crossleyi,Cheirogaleus,crossleyi,Tsitsihy,1,0,1,0,0,40,15,Savoko
Nocturnal,5,11,2023,6,15,Cheirogaleus_crossleyi,Cheirogaleus,crossleyi,Tsitsihy,1,0,1,0,0,0,0,Savoko
Nocturnal,5,11,2023,6,15,Cheirogaleus_crossleyi,Cheirogaleus,crossleyi,Tsitsihy,3,0,3,0,0,270,40,Savoko
Nocturnal,5,11,2023,6,15,Microcebus_lehilahytsara,Microcebus,lehilahytsara,Tsidy,1,0,1,0,0,320,10,Savoko
Nocturnal,6,11,2023,5,14,Cheirogaleus_crossleyi,Cheirogaleus,crossleyi,Tsitsihy,1,0,1,0,0,40,30,Savoko
Nocturnal,6,11,2023,5,14,Microcebus_lehilahytsara,Microcebus,lehilahytsara,Tsidy,1,0,1,0,0,320,20,Savoko
Nocturnal,6,11,2023,5,14,Avahi_laniger,Avahi,laniger,Fotsife,3,1,2,0,0,280,10,Savoko
Nocturnal,6,11,2023,5,14,Lepilemur_seali,Lepilemur,seali,Fitsidika,1,0,1,0,0,0,0,Savoko
Nocturnal,6,11,2023,5,14,Allocebus_trichotis,Allocebus,trichotis,kandrandra,1,0,1,0,0,0,0,Savoko
Nocturnal,7,11,2023,6,16,Cheirogaleus_crossleyi,Cheirogaleus,crossleyi,Tsitsihy,1,0,1,0,0,20,10,Savoko
Nocturnal,7,11,2023,6,16,Cheirogaleus_crossleyi,Cheirogaleus,crossleyi,Tsitsihy,5,0,5,0,0,90,40,Savoko
Nocturnal,7,11,2023,6,16,Cheirogaleus_crossleyi,Cheirogaleus,crossleyi,Tsitsihy,1,0,1,0,0,120,25,Savoko
Nocturnal,7,11,2023,6,16,Cheirogaleus_crossleyi,Cheirogaleus,crossleyi,Tsitsihy,1,0,1,0,0,0,0,Savoko
Nocturnal,7,11,2023,6,16,Cheirogaleus_crossleyi,Cheirogaleus,crossleyi,Tsitsihy,1,0,1,0,0,40,30,Savoko
Nocturnal,7,11,2023,5,15,Microcebus_lehilahytsara,Microcebus,lehilahytsara,Tsidy,1,0,1,0,0,70,5,Savoko
Nocturnal,7,11,2023,5,15,Microcebus_lehilahytsara,Microcebus,lehilahytsara,Tsidy,1,0,1,0,0,320,4,Savoko
Nocturnal,7,11,2023,5,15,Allocebus_trichotis,Allocebus,trichotis,kandrandra,1,0,1,0,0,0,0,Savoko
Nocturnal,8,11,2023,6,17,Cheirogaleus_crossleyi,Cheirogaleus,crossleyi,Tsitsihy,3,0,3,0,0,50,20,Savoko
Nocturnal,8,11,2023,6,17,Cheirogaleus_crossleyi,Cheirogaleus,crossleyi,Tsitsihy,3,0,3,0,0,40,15,Savoko
Nocturnal,8,11,2023,6,17,Microcebus_lehilahytsara,Microcebus,lehilahytsara,Tsidy,1,0,1,0,0,40,5,Savoko
Nocturnal,8,11,2023,6,17,Cheirogaleus_crossleyi,Cheirogaleus,crossleyi,Tsitsihy,1,0,1,0,0,290,45,Savoko
Nocturnal,8,11,2023,6,17,Cheirogaleus_crossleyi,Cheirogaleus,crossleyi,Tsitsihy,3,0,3,0,0,280,15,Savoko
Nocturnal,8,11,2023,6,17,Cheirogaleus_crossleyi,Cheirogaleus,crossleyi,Tsitsihy,1,0,1,0,0,300,30,Savoko
Nocturnal,8,11,2023,6,17,Cheirogaleus_crossleyi,Cheirogaleus,crossleyi,Tsitsihy,2,0,2,0,0,60,50,Savoko
Nocturnal,8,11,2023,6,17,Cheirogaleus_crossleyi,Cheirogaleus,crossleyi,Tsitsihy,1,0,1,0,0,120,20,Savoko
Nocturnal,8,11,2023,6,17,Cheirogaleus_crossleyi,Cheirogaleus,crossleyi,Tsitsihy,1,0,1,0,0,290,6,Savoko
Nocturnal,8,11,2023,6,17,Cheirogaleus_crossleyi,Cheirogaleus,crossleyi,Tsitsihy,1,0,1,0,0,90,60,Savoko
Nocturnal,8,11,2023,6,17,Cheirogaleus_crossleyi,Cheirogaleus,crossleyi,Tsitsihy,1,0,1,0,0,70,20,Savoko
Nocturnal,8,11,2023,6,17,Cheirogaleus_crossleyi,Cheirogaleus,crossleyi,Tsitsihy,3,0,3,0,0,280,35,Savoko
Nocturnal,8,11,2023,6,17,Microcebus_lehilahytsara,Microcebus,lehilahytsara,Tsidy,1,0,1,0,0,280,20,Savoko
Nocturnal,8,11,2023,6,17,Allocebus_trichotis,Allocebus,trichotis,kandrandra,1,0,1,0,0,320,4,Savoko
Nocturnal,8,11,2023,6,17,Cheirogaleus_crossleyi,Cheirogaleus,crossleyi,Tsitsihy,1,0,1,0,0,0,0,Savoko
Nocturnal,8,11,2023,6,17,Allocebus_trichotis,Allocebus,trichotis,kandrandra,1,0,1,0,0,30,8,Savoko
Nocturnal,8,11,2023,6,17,Allocebus_trichotis,Allocebus,trichotis,kandrandra,1,0,1,0,0,50,20,Savoko
Nocturnal,8,11,2023,6,17,Cheirogaleus_crossleyi,Cheirogaleus,crossleyi,Tsitsihy,1,0,1,0,0,340,30,Savoko
Nocturnal,9,11,2023,5,16,Lepilemur_seali,Lepilemur,seali,Fitsidika,1,0,1,0,0,320,8,Savoko
Nocturnal,9,11,2023,5,16,Avahi_laniger,Avahi,laniger,Fotsife,3,1,2,0,0,280,10,Savoko
Nocturnal,9,11,2023,5,16,Lepilemur_seali,Lepilemur,seali,Fitsidika,1,0,1,0,0,0,0,Savoko
Nocturnal,11,11,2023,5,17,Cheirogaleus_crossleyi,Cheirogaleus,crossleyi,Tsitsihy,1,0,1,0,0,90,6,Savoko
Nocturnal,12,11,2023,6,18,Cheirogaleus_crossleyi,Cheirogaleus,crossleyi,Tsitsihy,1,0,1,0,0,280,18,Savoko
Nocturnal,12,11,2023,6,18,Cheirogaleus_crossleyi,Cheirogaleus,crossleyi,Tsitsihy,2,0,2,0,0,90,25,Savoko
Nocturnal,12,11,2023,6,18,Cheirogaleus_crossleyi,Cheirogaleus,crossleyi,Tsitsihy,4,0,4,0,0,260,10,Savoko
Nocturnal,12,11,2023,6,18,Cheirogaleus_crossleyi,Cheirogaleus,crossleyi,Tsitsihy,1,0,1,0,0,20,5,Savoko
Nocturnal,12,11,2023,6,18,Microcebus_lehilahytsara,Microcebus,lehilahytsara,Tsidy,1,0,1,0,0,40,5,Savoko
Nocturnal,12,11,2023,6,18,Microcebus_lehilahytsara,Microcebus,lehilahytsara,Tsidy,1,0,1,0,0,320,10,Savoko
Nocturnal,12,11,2023,6,18,Cheirogaleus_crossleyi,Cheirogaleus,crossleyi,Tsitsihy,3,0,3,0,0,290,35,Savoko
Nocturnal,12,11,2023,6,18,Cheirogaleus_crossleyi,Cheirogaleus,crossleyi,Tsitsihy,3,0,3,0,0,320,20,Savoko
Nocturnal,12,11,2023,6,18,Allocebus_trichotis,Allocebus,trichotis,kandrandra,1,0,1,0,0,40,15,Savoko
Nocturnal,13,11,2023,5,18,Cheirogaleus_crossleyi,Cheirogaleus,crossleyi,Tsitsihy,1,0,1,0,0,90,20,Savoko
Nocturnal,13,11,2023,5,18,Cheirogaleus_crossleyi,Cheirogaleus,crossleyi,Tsitsihy,1,0,1,0,0,290,30,Savoko
Nocturnal,13,11,2023,6,19,Cheirogaleus_crossleyi,Cheirogaleus,crossleyi,Tsitsihy,1,0,1,0,0,270,30,Savoko
Nocturnal,13,11,2023,6,19,Microcebus_lehilahytsara,Microcebus,lehilahytsara,Tsidy,1,0,1,0,0,90,5,Savoko
Nocturnal,13,11,2023,6,19,Cheirogaleus_crossleyi,Cheirogaleus,crossleyi,Tsitsihy,1,0,1,0,0,40,35,Savoko
Nocturnal,13,11,2023,6,19,Cheirogaleus_crossleyi,Cheirogaleus,crossleyi,Tsitsihy,1,0,1,0,0,20,30,Savoko
Nocturnal,13,11,2023,6,19,Cheirogaleus_crossleyi,Cheirogaleus,crossleyi,Tsitsihy,1,0,1,0,0,320,20,Savoko
Nocturnal,13,11,2023,6,19,Cheirogaleus_crossleyi,Cheirogaleus,crossleyi,Tsitsihy,1,0,1,0,0,290,25,Savoko
Nocturnal,13,11,2023,6,19,Cheirogaleus_crossleyi,Cheirogaleus,crossleyi,Tsitsihy,1,0,1,0,0,0,0,Savoko
Nocturnal,14,11,2023,5,19,Cheirogaleus_crossleyi,Cheirogaleus,crossleyi,Tsitsihy,2,0,2,0,0,0,0,Savoko
Nocturnal,14,11,2023,5,19,Avahi_laniger,Avahi,laniger,Fotsife,3,1,2,0,0,90,10,Savoko
Nocturnal,14,11,2023,5,19,Cheirogaleus_crossleyi,Cheirogaleus,crossleyi,Tsitsihy,1,0,1,0,0,90,15,Savoko
Nocturnal,15,11,2023,6,20,Cheirogaleus_crossleyi,Cheirogaleus,crossleyi,Tsitsihy,1,0,1,0,0,0,0,Savoko
Nocturnal,15,11,2023,6,20,Cheirogaleus_crossleyi,Cheirogaleus,crossleyi,Tsitsihy,1,0,1,0,0,300,15,Savoko
Nocturnal,15,11,2023,6,20,Microcebus_lehilahytsara,Microcebus,lehilahytsara,Tsidy,1,0,1,0,0,290,10,Savoko
Nocturnal,15,11,2023,6,20,Cheirogaleus_crossleyi,Cheirogaleus,crossleyi,Tsitsihy,1,0,1,0,0,290,5,Savoko
Nocturnal,15,11,2023,6,20,Cheirogaleus_crossleyi,Cheirogaleus,crossleyi,Tsitsihy,1,0,1,0,0,280,25,Savoko
Nocturnal,15,11,2023,6,20,Cheirogaleus_crossleyi,Cheirogaleus,crossleyi,Tsitsihy,1,0,1,0,0,90,25,Savoko
Nocturnal,15,11,2023,5,20,Avahi_laniger,Avahi,laniger,Fotsife,3,1,2,0,0,200,15,Savoko
Nocturnal,15,11,2023,5,20,Lepilemur_seali,Lepilemur,seali,Fitsidika,1,0,1,0,0,0,0,Savoko
Nocturnal,15,11,2023,5,20,Allocebus_trichotis,Allocebus,trichotis,kandrandra,1,0,1,0,0,90,14,Savoko
Nocturnal,16,11,2023,6,21,Cheirogaleus_crossleyi,Cheirogaleus,crossleyi,Tsitsihy,2,0,2,0,0,270,12,Savoko
Nocturnal,16,11,2023,6,21,Cheirogaleus_crossleyi,Cheirogaleus,crossleyi,Tsitsihy,1,0,1,0,0,35,6,Savoko
Nocturnal,16,11,2023,6,21,Microcebus_lehilahytsara,Microcebus,lehilahytsara,Tsidy,1,0,1,0,0,90,4,Savoko
Nocturnal,16,11,2023,6,21,Cheirogaleus_crossleyi,Cheirogaleus,crossleyi,Tsitsihy,1,0,1,0,0,90,10,Savoko
Nocturnal,16,11,2023,6,21,Lepilemur_seali,Lepilemur,seali,Fitsidika,1,0,1,0,0,90,3,Savoko
Nocturnal,16,11,2023,6,21,Allocebus_trichotis,Allocebus,trichotis,kandrandra,1,0,1,0,0,60,15,Savoko
Nocturnal,17,11,2023,5,21,Cheirogaleus_crossleyi,Cheirogaleus,crossleyi,Tsitsihy,1,0,1,0,0,300,15,Savoko
Nocturnal,17,11,2023,5,21,Allocebus_trichotis,Allocebus,trichotis,kandrandra,1,0,1,0,0,60,5,Savoko
Nocturnal,17,11,2023,5,21,Cheirogaleus_crossleyi,Cheirogaleus,crossleyi,Tsitsihy,1,0,1,0,0,20,30,Savoko
Nocturnal,17,11,2023,5,21,Allocebus_trichotis,Allocebus,trichotis,kandrandra,1,0,1,0,0,45,20,Savoko
Nocturnal,17,11,2023,6,22,Cheirogaleus_crossleyi,Cheirogaleus,crossleyi,Tsitsihy,1,0,1,0,0,300,40,Savoko
Nocturnal,17,11,2023,6,22,Cheirogaleus_crossleyi,Cheirogaleus,crossleyi,Tsitsihy,1,0,1,0,0,330,20,Savoko
Nocturnal,17,11,2023,6,22,Cheirogaleus_crossleyi,Cheirogaleus,crossleyi,Tsitsihy,1,0,1,0,0,290,30,Savoko
Nocturnal,17,11,2023,6,22,Microcebus_lehilahytsara,Microcebus,lehilahytsara,Tsidy,1,0,1,0,0,20,15,Savoko
Nocturnal,17,11,2023,6,22,Cheirogaleus_crossleyi,Cheirogaleus,crossleyi,Tsitsihy,1,0,1,0,0,0,0,Savoko
Nocturnal,17,11,2023,6,22,Cheirogaleus_crossleyi,Cheirogaleus,crossleyi,Tsitsihy,1,0,1,0,0,50,30,Savoko
Nocturnal,17,11,2023,6,22,Cheirogaleus_crossleyi,Cheirogaleus,crossleyi,Tsitsihy,1,0,1,0,0,20,10,Savoko