"","Habitat","Simulation_ID","Estimate","lemur"
"1","Primary",1,40.7720207253886,"A. laniger"
"2","Primary",10,37.5958549222798,"A. laniger"
"3","Primary",100,42.6321243523316,"A. laniger"
"4","Primary",11,39.6683937823834,"A. laniger"
"5","Primary",12,36.1917098445596,"A. laniger"
"6","Primary",13,35.3056994818653,"A. laniger"
"7","Primary",14,35.0414507772021,"A. laniger"
"8","Primary",15,40.740932642487,"A. laniger"
"9","Primary",16,36.5233160621762,"A. laniger"
"10","Primary",17,39.5181347150259,"A. laniger"
"11","Primary",18,32.9689119170984,"A. laniger"
"12","Primary",19,37.1865284974093,"A. laniger"
"13","Primary",2,35.4455958549223,"A. laniger"
"14","Primary",20,34.5233160621762,"A. laniger"
"15","Primary",21,38.1088082901554,"A. laniger"
"16","Primary",22,39.6269430051813,"A. laniger"
"17","Primary",23,38.1502590673575,"A. laniger"
"18","Primary",24,37.0362694300518,"A. laniger"
"19","Primary",25,39.8186528497409,"A. laniger"
"20","Primary",26,42.1502590673575,"A. laniger"
"21","Primary",27,36.8134715025907,"A. laniger"
"22","Primary",28,38.3367875647668,"A. laniger"
"23","Primary",29,36.6269430051813,"A. laniger"
"24","Primary",3,37.7772020725389,"A. laniger"
"25","Primary",30,39.2279792746114,"A. laniger"
"26","Primary",31,37.1865284974093,"A. laniger"
"27","Primary",32,38.7046632124352,"A. laniger"
"28","Primary",33,38.7461139896373,"A. laniger"
"29","Primary",34,39.7461139896373,"A. laniger"
"30","Primary",35,38.259067357513,"A. laniger"
"31","Primary",36,37.6373056994819,"A. laniger"
"32","Primary",37,39.559585492228,"A. laniger"
"33","Primary",38,39.0051813471503,"A. laniger"
"34","Primary",39,38.8497409326425,"A. laniger"
"35","Primary",4,40.0051813471503,"A. laniger"
"36","Primary",40,43.4455958549223,"A. laniger"
"37","Primary",41,37.8238341968912,"A. laniger"
"38","Primary",42,37.8134715025907,"A. laniger"
"39","Primary",43,39.3316062176166,"A. laniger"
"40","Primary",44,38.2953367875648,"A. laniger"
"41","Primary",45,37.2953367875648,"A. laniger"
"42","Primary",46,40.8186528497409,"A. laniger"
"43","Primary",47,37.300518134715,"A. laniger"
"44","Primary",48,35.7461139896373,"A. laniger"
"45","Primary",49,38.3730569948187,"A. laniger"
"46","Primary",5,37.4507772020725,"A. laniger"
"47","Primary",50,40.4093264248705,"A. laniger"
"48","Primary",51,39.9637305699482,"A. laniger"
"49","Primary",52,37.4093264248705,"A. laniger"
"50","Primary",53,37.6683937823834,"A. laniger"
"51","Primary",54,39.259067357513,"A. laniger"
"52","Primary",55,42,"A. laniger"
"53","Primary",56,38.0777202072539,"A. laniger"
"54","Primary",57,36.7823834196891,"A. laniger"
"55","Primary",58,39.9274611398964,"A. laniger"
"56","Primary",59,41.3678756476684,"A. laniger"
"57","Primary",6,40.0777202072539,"A. laniger"
"58","Primary",60,40.1088082901554,"A. laniger"
"59","Primary",61,39.0051813471503,"A. laniger"
"60","Primary",62,37.6632124352332,"A. laniger"
"61","Primary",63,36.4507772020725,"A. laniger"
"62","Primary",64,38.1502590673575,"A. laniger"
"63","Primary",65,40.7823834196891,"A. laniger"
"64","Primary",66,39.1088082901554,"A. laniger"
"65","Primary",67,38.1865284974093,"A. laniger"
"66","Primary",68,40.7772020725389,"A. laniger"
"67","Primary",69,39.2227979274611,"A. laniger"
"68","Primary",7,35.8549222797927,"A. laniger"
"69","Primary",70,35.7772020725389,"A. laniger"
"70","Primary",71,40.5233160621762,"A. laniger"
"71","Primary",72,39.8549222797927,"A. laniger"
"72","Primary",73,43.0414507772021,"A. laniger"
"73","Primary",74,39.1139896373057,"A. laniger"
"74","Primary",75,38.3730569948186,"A. laniger"
"75","Primary",76,40.4093264248705,"A. laniger"
"76","Primary",77,40.2227979274611,"A. laniger"
"77","Primary",78,40.7098445595855,"A. laniger"
"78","Primary",79,38.4041450777202,"A. laniger"
"79","Primary",8,39.1554404145078,"A. laniger"
"80","Primary",80,41.6632124352332,"A. laniger"
"81","Primary",81,38.3730569948187,"A. laniger"
"82","Primary",82,38.259067357513,"A. laniger"
"83","Primary",83,37.2694300518135,"A. laniger"
"84","Primary",84,37.3316062176166,"A. laniger"
"85","Primary",85,34.5958549222798,"A. laniger"
"86","Primary",86,37.8911917098446,"A. laniger"
"87","Primary",87,37.4818652849741,"A. laniger"
"88","Primary",88,34.8134715025907,"A. laniger"
"89","Primary",89,37.5233160621762,"A. laniger"
"90","Primary",9,41.2642487046632,"A. laniger"
"91","Primary",90,39.6373056994819,"A. laniger"
"92","Primary",91,37.119170984456,"A. laniger"
"93","Primary",92,42.1139896373057,"A. laniger"
"94","Primary",93,39.4870466321243,"A. laniger"
"95","Primary",94,39.7461139896373,"A. laniger"
"96","Primary",95,35.7046632124352,"A. laniger"
"97","Primary",96,39.1502590673575,"A. laniger"
"98","Primary",97,42.0777202072539,"A. laniger"
"99","Primary",98,38.0414507772021,"A. laniger"
"100","Primary",99,38.5181347150259,"A. laniger"
"101","Savoko",1,10.975,"A. laniger"
"102","Savoko",10,7.575,"A. laniger"
"103","Savoko",100,9.575,"A. laniger"
"104","Savoko",11,10.6,"A. laniger"
"105","Savoko",12,10.6,"A. laniger"
"106","Savoko",13,11.95,"A. laniger"
"107","Savoko",14,10.225,"A. laniger"
"108","Savoko",15,10.95,"A. laniger"
"109","Savoko",16,11.875,"A. laniger"
"110","Savoko",17,10.975,"A. laniger"
"111","Savoko",18,7.6,"A. laniger"
"112","Savoko",19,8.275,"A. laniger"
"113","Savoko",2,11.575,"A. laniger"
"114","Savoko",20,7.9,"A. laniger"
"115","Savoko",21,12.95,"A. laniger"
"116","Savoko",22,11.25,"A. laniger"
"117","Savoko",23,9.2,"A. laniger"
"118","Savoko",24,7.275,"A. laniger"
"119","Savoko",25,12.275,"A. laniger"
"120","Savoko",26,8.6,"A. laniger"
"121","Savoko",27,9.95,"A. laniger"
"122","Savoko",28,14.55,"A. laniger"
"123","Savoko",29,11.9,"A. laniger"
"124","Savoko",3,10.6,"A. laniger"
"125","Savoko",30,9.6,"A. laniger"
"126","Savoko",31,10.925,"A. laniger"
"127","Savoko",32,9.575,"A. laniger"
"128","Savoko",33,13.925,"A. laniger"
"129","Savoko",34,8.6,"A. laniger"
"130","Savoko",35,8.6,"A. laniger"
"131","Savoko",36,9.6,"A. laniger"
"132","Savoko",37,10.25,"A. laniger"
"133","Savoko",38,8.95,"A. laniger"
"134","Savoko",39,7.975,"A. laniger"
"135","Savoko",4,8.625,"A. laniger"
"136","Savoko",40,10.975,"A. laniger"
"137","Savoko",41,12.55,"A. laniger"
"138","Savoko",42,9.575,"A. laniger"
"139","Savoko",43,7.925,"A. laniger"
"140","Savoko",44,6.925,"A. laniger"
"141","Savoko",45,10.925,"A. laniger"
"142","Savoko",46,8.975,"A. laniger"
"143","Savoko",47,10.575,"A. laniger"
"144","Savoko",48,9.275,"A. laniger"
"145","Savoko",49,14.575,"A. laniger"
"146","Savoko",5,11.625,"A. laniger"
"147","Savoko",50,9.25,"A. laniger"
"148","Savoko",51,6.95,"A. laniger"
"149","Savoko",52,10.3,"A. laniger"
"150","Savoko",53,11.625,"A. laniger"
"151","Savoko",54,12.625,"A. laniger"
"152","Savoko",55,15,"A. laniger"
"153","Savoko",56,13.275,"A. laniger"
"154","Savoko",57,9.975,"A. laniger"
"155","Savoko",58,11.9,"A. laniger"
"156","Savoko",59,11.625,"A. laniger"
"157","Savoko",6,9.225,"A. laniger"
"158","Savoko",60,7.875,"A. laniger"
"159","Savoko",61,12.25,"A. laniger"
"160","Savoko",62,8.975,"A. laniger"
"161","Savoko",63,13.575,"A. laniger"
"162","Savoko",64,8.275,"A. laniger"
"163","Savoko",65,9.275,"A. laniger"
"164","Savoko",66,10.3,"A. laniger"
"165","Savoko",67,9.9,"A. laniger"
"166","Savoko",68,11.65,"A. laniger"
"167","Savoko",69,12.275,"A. laniger"
"168","Savoko",7,10.95,"A. laniger"
"169","Savoko",70,11.925,"A. laniger"
"170","Savoko",71,9.275,"A. laniger"
"171","Savoko",72,10.9,"A. laniger"
"172","Savoko",73,8.95,"A. laniger"
"173","Savoko",74,11.925,"A. laniger"
"174","Savoko",75,10.575,"A. laniger"
"175","Savoko",76,12.575,"A. laniger"
"176","Savoko",77,9.2,"A. laniger"
"177","Savoko",78,9.575,"A. laniger"
"178","Savoko",79,8.275,"A. laniger"
"179","Savoko",8,10.25,"A. laniger"
"180","Savoko",80,10.6,"A. laniger"
"181","Savoko",81,11.925,"A. laniger"
"182","Savoko",82,8.575,"A. laniger"
"183","Savoko",83,10.95,"A. laniger"
"184","Savoko",84,12.575,"A. laniger"
"185","Savoko",85,8.225,"A. laniger"
"186","Savoko",86,10.3,"A. laniger"
"187","Savoko",87,8.6,"A. laniger"
"188","Savoko",88,12.25,"A. laniger"
"189","Savoko",89,7.55,"A. laniger"
"190","Savoko",9,11.625,"A. laniger"
"191","Savoko",90,8.275,"A. laniger"
"192","Savoko",91,11.275,"A. laniger"
"193","Savoko",92,12.925,"A. laniger"
"194","Savoko",93,9.225,"A. laniger"
"195","Savoko",94,10.25,"A. laniger"
"196","Savoko",95,7.6,"A. laniger"
"197","Savoko",96,7.925,"A. laniger"
"198","Savoko",97,10.925,"A. laniger"
"199","Savoko",98,11.575,"A. laniger"
"200","Savoko",99,12.6,"A. laniger"
"201","Primary",1,33.8134715025907,"A. trichotis"
"202","Primary",10,35.7823834196891,"A. trichotis"
"203","Primary",100,37.6373056994819,"A. trichotis"
"204","Primary",11,37.0725388601036,"A. trichotis"
"205","Primary",12,38.5181347150259,"A. trichotis"
"206","Primary",13,35.3678756476684,"A. trichotis"
"207","Primary",14,33.5544041450777,"A. trichotis"
"208","Primary",15,38,"A. trichotis"
"209","Primary",16,37.5181347150259,"A. trichotis"
"210","Primary",17,37.1813471502591,"A. trichotis"
"211","Primary",18,37.1865284974093,"A. trichotis"
"212","Primary",19,32.8911917098446,"A. trichotis"
"213","Primary",2,37.4766839378238,"A. trichotis"
"214","Primary",20,34.0725388601036,"A. trichotis"
"215","Primary",21,33.0777202072539,"A. trichotis"
"216","Primary",22,34.3730569948186,"A. trichotis"
"217","Primary",23,34.5544041450777,"A. trichotis"
"218","Primary",24,36.9274611398964,"A. trichotis"
"219","Primary",25,35.3316062176166,"A. trichotis"
"220","Primary",26,35.5544041450777,"A. trichotis"
"221","Primary",27,34.4093264248705,"A. trichotis"
"222","Primary",28,33.1813471502591,"A. trichotis"
"223","Primary",29,33.6321243523316,"A. trichotis"
"224","Primary",3,33.6321243523316,"A. trichotis"
"225","Primary",30,32.9585492227979,"A. trichotis"
"226","Primary",31,37.4093264248705,"A. trichotis"
"227","Primary",32,33.7772020725389,"A. trichotis"
"228","Primary",33,30.740932642487,"A. trichotis"
"229","Primary",34,36.7046632124352,"A. trichotis"
"230","Primary",35,38.4093264248705,"A. trichotis"
"231","Primary",36,35.6632124352332,"A. trichotis"
"232","Primary",37,35.8134715025907,"A. trichotis"
"233","Primary",38,37.8549222797927,"A. trichotis"
"234","Primary",39,33.2538860103627,"A. trichotis"
"235","Primary",4,33.7046632124352,"A. trichotis"
"236","Primary",40,33.7461139896373,"A. trichotis"
"237","Primary",41,35.0725388601036,"A. trichotis"
"238","Primary",42,34.9948186528497,"A. trichotis"
"239","Primary",43,33.5544041450777,"A. trichotis"
"240","Primary",44,36.0310880829015,"A. trichotis"
"241","Primary",45,33.6269430051813,"A. trichotis"
"242","Primary",46,34.0051813471503,"A. trichotis"
"243","Primary",47,35.6683937823834,"A. trichotis"
"244","Primary",48,36.0725388601036,"A. trichotis"
"245","Primary",49,37.9637305699482,"A. trichotis"
"246","Primary",5,33.9274611398964,"A. trichotis"
"247","Primary",50,39.3316062176166,"A. trichotis"
"248","Primary",51,35.4455958549223,"A. trichotis"
"249","Primary",52,37.8860103626943,"A. trichotis"
"250","Primary",53,36.4093264248705,"A. trichotis"
"251","Primary",54,33.3367875647668,"A. trichotis"
"252","Primary",55,35.1502590673575,"A. trichotis"
"253","Primary",56,37.5544041450777,"A. trichotis"
"254","Primary",57,33.5906735751295,"A. trichotis"
"255","Primary",58,34.9637305699482,"A. trichotis"
"256","Primary",59,38.9274611398964,"A. trichotis"
"257","Primary",6,36.5544041450777,"A. trichotis"
"258","Primary",60,33.9585492227979,"A. trichotis"
"259","Primary",61,34.8911917098446,"A. trichotis"
"260","Primary",62,32.5906735751295,"A. trichotis"
"261","Primary",63,36.4766839378238,"A. trichotis"
"262","Primary",64,34.3678756476684,"A. trichotis"
"263","Primary",65,37.7772020725389,"A. trichotis"
"264","Primary",66,40.1554404145078,"A. trichotis"
"265","Primary",67,32.5544041450777,"A. trichotis"
"266","Primary",68,33.8134715025907,"A. trichotis"
"267","Primary",69,39,"A. trichotis"
"268","Primary",7,34.0777202072539,"A. trichotis"
"269","Primary",70,34.5906735751295,"A. trichotis"
"270","Primary",71,33.3316062176166,"A. trichotis"
"271","Primary",72,34,"A. trichotis"
"272","Primary",73,35.9274611398964,"A. trichotis"
"273","Primary",74,33.4455958549223,"A. trichotis"
"274","Primary",75,34.7772020725389,"A. trichotis"
"275","Primary",76,35.8497409326425,"A. trichotis"
"276","Primary",77,33.0362694300518,"A. trichotis"
"277","Primary",78,37.6269430051813,"A. trichotis"
"278","Primary",79,33.740932642487,"A. trichotis"
"279","Primary",8,35.0310880829015,"A. trichotis"
"280","Primary",80,35.8860103626943,"A. trichotis"
"281","Primary",81,36.9637305699482,"A. trichotis"
"282","Primary",82,31.8497409326425,"A. trichotis"
"283","Primary",83,37.1813471502591,"A. trichotis"
"284","Primary",84,31.8860103626943,"A. trichotis"
"285","Primary",85,36.9637305699482,"A. trichotis"
"286","Primary",86,37.2227979274611,"A. trichotis"
"287","Primary",87,32.0362694300518,"A. trichotis"
"288","Primary",88,35,"A. trichotis"
"289","Primary",89,32.8860103626943,"A. trichotis"
"290","Primary",9,33.8134715025907,"A. trichotis"
"291","Primary",90,35.7772020725389,"A. trichotis"
"292","Primary",91,33.4093264248705,"A. trichotis"
"293","Primary",92,34.0777202072539,"A. trichotis"
"294","Primary",93,34.8911917098446,"A. trichotis"
"295","Primary",94,33.7772020725389,"A. trichotis"
"296","Primary",95,34.6683937823834,"A. trichotis"
"297","Primary",96,36.9274611398964,"A. trichotis"
"298","Primary",97,38.259067357513,"A. trichotis"
"299","Primary",98,30.1865284974093,"A. trichotis"
"300","Primary",99,33.8186528497409,"A. trichotis"
"301","Savoko",1,23.3,"A. trichotis"
"302","Savoko",10,23.65,"A. trichotis"
"303","Savoko",100,26.95,"A. trichotis"
"304","Savoko",11,24.35,"A. trichotis"
"305","Savoko",12,27.025,"A. trichotis"
"306","Savoko",13,23.35,"A. trichotis"
"307","Savoko",14,21.275,"A. trichotis"
"308","Savoko",15,29.65,"A. trichotis"
"309","Savoko",16,20.975,"A. trichotis"
"310","Savoko",17,25.925,"A. trichotis"
"311","Savoko",18,24.625,"A. trichotis"
"312","Savoko",19,26,"A. trichotis"
"313","Savoko",2,24.025,"A. trichotis"
"314","Savoko",20,23.675,"A. trichotis"
"315","Savoko",21,23.95,"A. trichotis"
"316","Savoko",22,21.975,"A. trichotis"
"317","Savoko",23,29.35,"A. trichotis"
"318","Savoko",24,27.95,"A. trichotis"
"319","Savoko",25,24.625,"A. trichotis"
"320","Savoko",26,25.3,"A. trichotis"
"321","Savoko",27,25.275,"A. trichotis"
"322","Savoko",28,28.65,"A. trichotis"
"323","Savoko",29,24.925,"A. trichotis"
"324","Savoko",3,23.975,"A. trichotis"
"325","Savoko",30,23.275,"A. trichotis"
"326","Savoko",31,22.9,"A. trichotis"
"327","Savoko",32,25,"A. trichotis"
"328","Savoko",33,24.35,"A. trichotis"
"329","Savoko",34,21.25,"A. trichotis"
"330","Savoko",35,23,"A. trichotis"
"331","Savoko",36,23.675,"A. trichotis"
"332","Savoko",37,22.275,"A. trichotis"
"333","Savoko",38,28.275,"A. trichotis"
"334","Savoko",39,24.325,"A. trichotis"
"335","Savoko",4,22.975,"A. trichotis"
"336","Savoko",40,29.7,"A. trichotis"
"337","Savoko",41,26.325,"A. trichotis"
"338","Savoko",42,20.375,"A. trichotis"
"339","Savoko",43,22,"A. trichotis"
"340","Savoko",44,27.975,"A. trichotis"
"341","Savoko",45,24.625,"A. trichotis"
"342","Savoko",46,23.6,"A. trichotis"
"343","Savoko",47,20.325,"A. trichotis"
"344","Savoko",48,26.775,"A. trichotis"
"345","Savoko",49,21.7,"A. trichotis"
"346","Savoko",5,25.725,"A. trichotis"
"347","Savoko",50,26.95,"A. trichotis"
"348","Savoko",51,24.05,"A. trichotis"
"349","Savoko",52,23.025,"A. trichotis"
"350","Savoko",53,26.35,"A. trichotis"
"351","Savoko",54,19.7,"A. trichotis"
"352","Savoko",55,21.6,"A. trichotis"
"353","Savoko",56,24.675,"A. trichotis"
"354","Savoko",57,24.6,"A. trichotis"
"355","Savoko",58,24.65,"A. trichotis"
"356","Savoko",59,24.275,"A. trichotis"
"357","Savoko",6,23.975,"A. trichotis"
"358","Savoko",60,27.35,"A. trichotis"
"359","Savoko",61,19.975,"A. trichotis"
"360","Savoko",62,22.65,"A. trichotis"
"361","Savoko",63,28.625,"A. trichotis"
"362","Savoko",64,28.05,"A. trichotis"
"363","Savoko",65,29,"A. trichotis"
"364","Savoko",66,25.675,"A. trichotis"
"365","Savoko",67,24.35,"A. trichotis"
"366","Savoko",68,29,"A. trichotis"
"367","Savoko",69,29.275,"A. trichotis"
"368","Savoko",7,25.975,"A. trichotis"
"369","Savoko",70,23.275,"A. trichotis"
"370","Savoko",71,25.3,"A. trichotis"
"371","Savoko",72,26.925,"A. trichotis"
"372","Savoko",73,25.975,"A. trichotis"
"373","Savoko",74,26.05,"A. trichotis"
"374","Savoko",75,24.35,"A. trichotis"
"375","Savoko",76,25.7,"A. trichotis"
"376","Savoko",77,27.675,"A. trichotis"
"377","Savoko",78,26.025,"A. trichotis"
"378","Savoko",79,21.375,"A. trichotis"
"379","Savoko",8,24.375,"A. trichotis"
"380","Savoko",80,29.7,"A. trichotis"
"381","Savoko",81,30.625,"A. trichotis"
"382","Savoko",82,24.625,"A. trichotis"
"383","Savoko",83,26,"A. trichotis"
"384","Savoko",84,27.3,"A. trichotis"
"385","Savoko",85,22.6,"A. trichotis"
"386","Savoko",86,27.6,"A. trichotis"
"387","Savoko",87,28.95,"A. trichotis"
"388","Savoko",88,24.275,"A. trichotis"
"389","Savoko",89,25.9,"A. trichotis"
"390","Savoko",9,23.35,"A. trichotis"
"391","Savoko",90,25.3,"A. trichotis"
"392","Savoko",91,25.65,"A. trichotis"
"393","Savoko",92,26.1,"A. trichotis"
"394","Savoko",93,23.4,"A. trichotis"
"395","Savoko",94,25.65,"A. trichotis"
"396","Savoko",95,24.65,"A. trichotis"
"397","Savoko",96,23.65,"A. trichotis"
"398","Savoko",97,25,"A. trichotis"
"399","Savoko",98,25.7,"A. trichotis"
"400","Savoko",99,23.275,"A. trichotis"
"401","Primary",1,26.3212435233161,"C. crossleyi"
"402","Primary",10,30.2849740932642,"C. crossleyi"
"403","Primary",100,30.4715025906736,"C. crossleyi"
"404","Primary",11,29.1036269430052,"C. crossleyi"
"405","Primary",12,29.9533678756477,"C. crossleyi"
"406","Primary",13,26.5854922279793,"C. crossleyi"
"407","Primary",14,29.7305699481865,"C. crossleyi"
"408","Primary",15,29.2487046632124,"C. crossleyi"
"409","Primary",16,29.5440414507772,"C. crossleyi"
"410","Primary",17,28.8031088082902,"C. crossleyi"
"411","Primary",18,29.4766839378238,"C. crossleyi"
"412","Primary",19,28.3989637305699,"C. crossleyi"
"413","Primary",2,30.839378238342,"C. crossleyi"
"414","Primary",20,27.139896373057,"C. crossleyi"
"415","Primary",21,28.1761658031088,"C. crossleyi"
"416","Primary",22,31.4715025906736,"C. crossleyi"
"417","Primary",23,27.9533678756477,"C. crossleyi"
"418","Primary",24,28.1761658031088,"C. crossleyi"
"419","Primary",25,31.3626943005181,"C. crossleyi"
"420","Primary",26,30.5440414507772,"C. crossleyi"
"421","Primary",27,28.139896373057,"C. crossleyi"
"422","Primary",28,30.2849740932642,"C. crossleyi"
"423","Primary",29,27.6217616580311,"C. crossleyi"
"424","Primary",3,30.139896373057,"C. crossleyi"
"425","Primary",30,28.699481865285,"C. crossleyi"
"426","Primary",31,28.0621761658031,"C. crossleyi"
"427","Primary",32,29.7668393782383,"C. crossleyi"
"428","Primary",33,27.880829015544,"C. crossleyi"
"429","Primary",34,28.2124352331606,"C. crossleyi"
"430","Primary",35,29.4715025906736,"C. crossleyi"
"431","Primary",36,30.7305699481865,"C. crossleyi"
"432","Primary",37,30.6580310880829,"C. crossleyi"
"433","Primary",38,29.0259067357513,"C. crossleyi"
"434","Primary",39,28.3212435233161,"C. crossleyi"
"435","Primary",4,26.8031088082902,"C. crossleyi"
"436","Primary",40,29.3626943005181,"C. crossleyi"
"437","Primary",41,31.4766839378238,"C. crossleyi"
"438","Primary",42,29.9533678756477,"C. crossleyi"
"439","Primary",43,30.9533678756477,"C. crossleyi"
"440","Primary",44,29.4715025906736,"C. crossleyi"
"441","Primary",45,26.9170984455959,"C. crossleyi"
"442","Primary",46,29.0673575129534,"C. crossleyi"
"443","Primary",47,29.7720207253886,"C. crossleyi"
"444","Primary",48,31.7305699481865,"C. crossleyi"
"445","Primary",49,27.9896373056995,"C. crossleyi"
"446","Primary",5,29.3264248704663,"C. crossleyi"
"447","Primary",50,32.0984455958549,"C. crossleyi"
"448","Primary",51,28.9533678756477,"C. crossleyi"
"449","Primary",52,30.0984455958549,"C. crossleyi"
"450","Primary",53,29.4352331606218,"C. crossleyi"
"451","Primary",54,30.9170984455959,"C. crossleyi"
"452","Primary",55,28.1761658031088,"C. crossleyi"
"453","Primary",56,27.0621761658031,"C. crossleyi"
"454","Primary",57,29.580310880829,"C. crossleyi"
"455","Primary",58,26.5854922279793,"C. crossleyi"
"456","Primary",59,30.440414507772,"C. crossleyi"
"457","Primary",6,27.5854922279793,"C. crossleyi"
"458","Primary",60,29.3989637305699,"C. crossleyi"
"459","Primary",61,29.2849740932642,"C. crossleyi"
"460","Primary",62,29.9533678756477,"C. crossleyi"
"461","Primary",63,29.580310880829,"C. crossleyi"
"462","Primary",64,29.8445595854922,"C. crossleyi"
"463","Primary",65,27.6217616580311,"C. crossleyi"
"464","Primary",66,27.9896373056995,"C. crossleyi"
"465","Primary",67,27.9533678756477,"C. crossleyi"
"466","Primary",68,30.6580310880829,"C. crossleyi"
"467","Primary",69,29.6217616580311,"C. crossleyi"
"468","Primary",7,27.9533678756477,"C. crossleyi"
"469","Primary",70,30.2487046632124,"C. crossleyi"
"470","Primary",71,28.0621761658031,"C. crossleyi"
"471","Primary",72,29.9533678756477,"C. crossleyi"
"472","Primary",73,29.2487046632124,"C. crossleyi"
"473","Primary",74,29.7668393782383,"C. crossleyi"
"474","Primary",75,28.0259067357513,"C. crossleyi"
"475","Primary",76,27.0259067357513,"C. crossleyi"
"476","Primary",77,29.5492227979275,"C. crossleyi"
"477","Primary",78,27.1036269430052,"C. crossleyi"
"478","Primary",79,27.2124352331606,"C. crossleyi"
"479","Primary",8,29.8031088082902,"C. crossleyi"
"480","Primary",80,27.2849740932642,"C. crossleyi"
"481","Primary",81,27.880829015544,"C. crossleyi"
"482","Primary",82,29.8445595854922,"C. crossleyi"
"483","Primary",83,26.8031088082902,"C. crossleyi"
"484","Primary",84,30.5077720207254,"C. crossleyi"
"485","Primary",85,27.8445595854922,"C. crossleyi"
"486","Primary",86,30.0621761658031,"C. crossleyi"
"487","Primary",87,29.9481865284974,"C. crossleyi"
"488","Primary",88,32.6165803108808,"C. crossleyi"
"489","Primary",89,26.3626943005181,"C. crossleyi"
"490","Primary",9,31.8445595854922,"C. crossleyi"
"491","Primary",90,26.2176165803109,"C. crossleyi"
"492","Primary",91,30.0310880829016,"C. crossleyi"
"493","Primary",92,30.1761658031088,"C. crossleyi"
"494","Primary",93,28.0984455958549,"C. crossleyi"
"495","Primary",94,29.2176165803109,"C. crossleyi"
"496","Primary",95,29.3626943005181,"C. crossleyi"
"497","Primary",96,27.9896373056995,"C. crossleyi"
"498","Primary",97,31.0259067357513,"C. crossleyi"
"499","Primary",98,32.5492227979275,"C. crossleyi"
"500","Primary",99,30.9896373056995,"C. crossleyi"
"501","Savoko",1,57.2,"C. crossleyi"
"502","Savoko",10,54.9,"C. crossleyi"
"503","Savoko",100,54.925,"C. crossleyi"
"504","Savoko",11,57.2,"C. crossleyi"
"505","Savoko",12,59.475,"C. crossleyi"
"506","Savoko",13,56.225,"C. crossleyi"
"507","Savoko",14,54.275,"C. crossleyi"
"508","Savoko",15,54.275,"C. crossleyi"
"509","Savoko",16,56.225,"C. crossleyi"
"510","Savoko",17,56.225,"C. crossleyi"
"511","Savoko",18,54.925,"C. crossleyi"
"512","Savoko",19,56.225,"C. crossleyi"
"513","Savoko",2,55.875,"C. crossleyi"
"514","Savoko",20,55.85,"C. crossleyi"
"515","Savoko",21,55.9,"C. crossleyi"
"516","Savoko",22,55.25,"C. crossleyi"
"517","Savoko",23,56.225,"C. crossleyi"
"518","Savoko",24,57.85,"C. crossleyi"
"519","Savoko",25,54.6,"C. crossleyi"
"520","Savoko",26,58.475,"C. crossleyi"
"521","Savoko",27,54.6,"C. crossleyi"
"522","Savoko",28,57.2,"C. crossleyi"
"523","Savoko",29,55.9,"C. crossleyi"
"524","Savoko",3,55.9,"C. crossleyi"
"525","Savoko",30,55.9,"C. crossleyi"
"526","Savoko",31,55.575,"C. crossleyi"
"527","Savoko",32,53.95,"C. crossleyi"
"528","Savoko",33,56.2,"C. crossleyi"
"529","Savoko",34,59.45,"C. crossleyi"
"530","Savoko",35,56.225,"C. crossleyi"
"531","Savoko",36,53.6,"C. crossleyi"
"532","Savoko",37,55.875,"C. crossleyi"
"533","Savoko",38,56.55,"C. crossleyi"
"534","Savoko",39,56.525,"C. crossleyi"
"535","Savoko",4,53.9,"C. crossleyi"
"536","Savoko",40,54.55,"C. crossleyi"
"537","Savoko",41,56.525,"C. crossleyi"
"538","Savoko",42,55.9,"C. crossleyi"
"539","Savoko",43,55.825,"C. crossleyi"
"540","Savoko",44,54.6,"C. crossleyi"
"541","Savoko",45,54.9,"C. crossleyi"
"542","Savoko",46,57.2,"C. crossleyi"
"543","Savoko",47,54.925,"C. crossleyi"
"544","Savoko",48,56.55,"C. crossleyi"
"545","Savoko",49,56.225,"C. crossleyi"
"546","Savoko",5,57.2,"C. crossleyi"
"547","Savoko",50,56.875,"C. crossleyi"
"548","Savoko",51,57.525,"C. crossleyi"
"549","Savoko",52,57.2,"C. crossleyi"
"550","Savoko",53,55.575,"C. crossleyi"
"551","Savoko",54,53.95,"C. crossleyi"
"552","Savoko",55,57.2,"C. crossleyi"
"553","Savoko",56,54.225,"C. crossleyi"
"554","Savoko",57,55.9,"C. crossleyi"
"555","Savoko",58,58.15,"C. crossleyi"
"556","Savoko",59,57.2,"C. crossleyi"
"557","Savoko",6,55.2,"C. crossleyi"
"558","Savoko",60,56.55,"C. crossleyi"
"559","Savoko",61,60.45,"C. crossleyi"
"560","Savoko",62,55.9,"C. crossleyi"
"561","Savoko",63,59.475,"C. crossleyi"
"562","Savoko",64,56.55,"C. crossleyi"
"563","Savoko",65,56.875,"C. crossleyi"
"564","Savoko",66,55.575,"C. crossleyi"
"565","Savoko",67,57.85,"C. crossleyi"
"566","Savoko",68,55.575,"C. crossleyi"
"567","Savoko",69,54.6,"C. crossleyi"
"568","Savoko",7,55.9,"C. crossleyi"
"569","Savoko",70,57.2,"C. crossleyi"
"570","Savoko",71,54.25,"C. crossleyi"
"571","Savoko",72,54.6,"C. crossleyi"
"572","Savoko",73,60.775,"C. crossleyi"
"573","Savoko",74,55.25,"C. crossleyi"
"574","Savoko",75,56.225,"C. crossleyi"
"575","Savoko",76,56.225,"C. crossleyi"
"576","Savoko",77,57.85,"C. crossleyi"
"577","Savoko",78,57.525,"C. crossleyi"
"578","Savoko",79,55.9,"C. crossleyi"
"579","Savoko",8,56.225,"C. crossleyi"
"580","Savoko",80,56.55,"C. crossleyi"
"581","Savoko",81,54.2,"C. crossleyi"
"582","Savoko",82,56.55,"C. crossleyi"
"583","Savoko",83,54.575,"C. crossleyi"
"584","Savoko",84,56.225,"C. crossleyi"
"585","Savoko",85,58.175,"C. crossleyi"
"586","Savoko",86,55.25,"C. crossleyi"
"587","Savoko",87,55.9,"C. crossleyi"
"588","Savoko",88,57.2,"C. crossleyi"
"589","Savoko",89,54.275,"C. crossleyi"
"590","Savoko",9,57.85,"C. crossleyi"
"591","Savoko",90,59.475,"C. crossleyi"
"592","Savoko",91,56.2,"C. crossleyi"
"593","Savoko",92,56.55,"C. crossleyi"
"594","Savoko",93,55.575,"C. crossleyi"
"595","Savoko",94,55.575,"C. crossleyi"
"596","Savoko",95,55.9,"C. crossleyi"
"597","Savoko",96,56.225,"C. crossleyi"
"598","Savoko",97,57.2,"C. crossleyi"
"599","Savoko",98,54.9,"C. crossleyi"
"600","Savoko",99,57.2,"C. crossleyi"
"601","Primary",1,5,"H. occidentalis"
"602","Primary",10,4.85492227979275,"H. occidentalis"
"603","Primary",100,4.96373056994819,"H. occidentalis"
"604","Primary",11,5.74093264248705,"H. occidentalis"
"605","Primary",12,5.18652849740933,"H. occidentalis"
"606","Primary",13,5.96373056994819,"H. occidentalis"
"607","Primary",14,5.51813471502591,"H. occidentalis"
"608","Primary",15,5.66839378238342,"H. occidentalis"
"609","Primary",16,5,"H. occidentalis"
"610","Primary",17,4.66839378238342,"H. occidentalis"
"611","Primary",18,4.48186528497409,"H. occidentalis"
"612","Primary",19,4.15025906735751,"H. occidentalis"
"613","Primary",2,4.92746113989637,"H. occidentalis"
"614","Primary",20,5.63212435233161,"H. occidentalis"
"615","Primary",21,6.48186528497409,"H. occidentalis"
"616","Primary",22,5.51813471502591,"H. occidentalis"
"617","Primary",23,6,"H. occidentalis"
"618","Primary",24,5.22279792746114,"H. occidentalis"
"619","Primary",25,5.25906735751295,"H. occidentalis"
"620","Primary",26,4.44559585492228,"H. occidentalis"
"621","Primary",27,6.25906735751295,"H. occidentalis"
"622","Primary",28,5.22279792746114,"H. occidentalis"
"623","Primary",29,5.22279792746114,"H. occidentalis"
"624","Primary",3,5.25906735751295,"H. occidentalis"
"625","Primary",30,5,"H. occidentalis"
"626","Primary",31,5.66839378238342,"H. occidentalis"
"627","Primary",32,5.40932642487047,"H. occidentalis"
"628","Primary",33,4.48186528497409,"H. occidentalis"
"629","Primary",34,5.22279792746114,"H. occidentalis"
"630","Primary",35,4.96373056994819,"H. occidentalis"
"631","Primary",36,6.22279792746114,"H. occidentalis"
"632","Primary",37,6.44559585492228,"H. occidentalis"
"633","Primary",38,6.44559585492228,"H. occidentalis"
"634","Primary",39,4.70466321243523,"H. occidentalis"
"635","Primary",4,4.70466321243523,"H. occidentalis"
"636","Primary",40,4.18652849740933,"H. occidentalis"
"637","Primary",41,6.44559585492228,"H. occidentalis"
"638","Primary",42,5.18652849740933,"H. occidentalis"
"639","Primary",43,5.15025906735751,"H. occidentalis"
"640","Primary",44,4.70466321243523,"H. occidentalis"
"641","Primary",45,6,"H. occidentalis"
"642","Primary",46,4.70466321243523,"H. occidentalis"
"643","Primary",47,5.15025906735751,"H. occidentalis"
"644","Primary",48,5.66839378238342,"H. occidentalis"
"645","Primary",49,4.48186528497409,"H. occidentalis"
"646","Primary",5,4.44559585492228,"H. occidentalis"
"647","Primary",50,4.44559585492228,"H. occidentalis"
"648","Primary",51,5.40932642487047,"H. occidentalis"
"649","Primary",52,4.70466321243523,"H. occidentalis"
"650","Primary",53,4.70466321243523,"H. occidentalis"
"651","Primary",54,5.33678756476684,"H. occidentalis"
"652","Primary",55,5.1139896373057,"H. occidentalis"
"653","Primary",56,4.85492227979275,"H. occidentalis"
"654","Primary",57,5.18652849740933,"H. occidentalis"
"655","Primary",58,4.96373056994819,"H. occidentalis"
"656","Primary",59,6.55440414507772,"H. occidentalis"
"657","Primary",6,4.96373056994819,"H. occidentalis"
"658","Primary",60,6.48186528497409,"H. occidentalis"
"659","Primary",61,6.70466321243523,"H. occidentalis"
"660","Primary",62,5.18652849740933,"H. occidentalis"
"661","Primary",63,5,"H. occidentalis"
"662","Primary",64,4.40932642487047,"H. occidentalis"
"663","Primary",65,5.70466321243523,"H. occidentalis"
"664","Primary",66,7.51813471502591,"H. occidentalis"
"665","Primary",67,5.40932642487047,"H. occidentalis"
"666","Primary",68,4.70466321243523,"H. occidentalis"
"667","Primary",69,5.44559585492228,"H. occidentalis"
"668","Primary",7,5.74093264248705,"H. occidentalis"
"669","Primary",70,5.96373056994819,"H. occidentalis"
"670","Primary",71,5.48186528497409,"H. occidentalis"
"671","Primary",72,4.96373056994819,"H. occidentalis"
"672","Primary",73,5,"H. occidentalis"
"673","Primary",74,5.92746113989637,"H. occidentalis"
"674","Primary",75,4.44559585492228,"H. occidentalis"
"675","Primary",76,4.96373056994819,"H. occidentalis"
"676","Primary",77,4.92746113989637,"H. occidentalis"
"677","Primary",78,6.48186528497409,"H. occidentalis"
"678","Primary",79,5.70466321243523,"H. occidentalis"
"679","Primary",8,4.48186528497409,"H. occidentalis"
"680","Primary",80,5,"H. occidentalis"
"681","Primary",81,5.70466321243523,"H. occidentalis"
"682","Primary",82,7.07253886010363,"H. occidentalis"
"683","Primary",83,5.44559585492228,"H. occidentalis"
"684","Primary",84,4.48186528497409,"H. occidentalis"
"685","Primary",85,5.48186528497409,"H. occidentalis"
"686","Primary",86,6.03626943005181,"H. occidentalis"
"687","Primary",87,6.48186528497409,"H. occidentalis"
"688","Primary",88,5.44559585492228,"H. occidentalis"
"689","Primary",89,4.66839378238342,"H. occidentalis"
"690","Primary",9,5.92746113989637,"H. occidentalis"
"691","Primary",90,5.70466321243523,"H. occidentalis"
"692","Primary",91,5.96373056994819,"H. occidentalis"
"693","Primary",92,4.92746113989637,"H. occidentalis"
"694","Primary",93,5.89119170984456,"H. occidentalis"
"695","Primary",94,4.89119170984456,"H. occidentalis"
"696","Primary",95,5.48186528497409,"H. occidentalis"
"697","Primary",96,5.89119170984456,"H. occidentalis"
"698","Primary",97,5.22279792746114,"H. occidentalis"
"699","Primary",98,4.96373056994819,"H. occidentalis"
"700","Primary",99,5.22279792746114,"H. occidentalis"
"701","Savoko",1,3,"H. occidentalis"
"702","Savoko",10,2.35,"H. occidentalis"
"703","Savoko",100,2.675,"H. occidentalis"
"704","Savoko",11,2.35,"H. occidentalis"
"705","Savoko",12,3.325,"H. occidentalis"
"706","Savoko",13,2.35,"H. occidentalis"
"707","Savoko",14,4.65,"H. occidentalis"
"708","Savoko",15,2.675,"H. occidentalis"
"709","Savoko",16,4.7,"H. occidentalis"
"710","Savoko",17,3.35,"H. occidentalis"
"711","Savoko",18,2.675,"H. occidentalis"
"712","Savoko",19,3.025,"H. occidentalis"
"713","Savoko",2,2.675,"H. occidentalis"
"714","Savoko",20,3.025,"H. occidentalis"
"715","Savoko",21,3.65,"H. occidentalis"
"716","Savoko",22,3.35,"H. occidentalis"
"717","Savoko",23,3.675,"H. occidentalis"
"718","Savoko",24,2.675,"H. occidentalis"
"719","Savoko",25,3.35,"H. occidentalis"
"720","Savoko",26,3.675,"H. occidentalis"
"721","Savoko",27,2.35,"H. occidentalis"
"722","Savoko",28,3.35,"H. occidentalis"
"723","Savoko",29,3.7,"H. occidentalis"
"724","Savoko",3,2.675,"H. occidentalis"
"725","Savoko",30,3.025,"H. occidentalis"
"726","Savoko",31,2.675,"H. occidentalis"
"727","Savoko",32,2.35,"H. occidentalis"
"728","Savoko",33,3.025,"H. occidentalis"
"729","Savoko",34,3,"H. occidentalis"
"730","Savoko",35,4.025,"H. occidentalis"
"731","Savoko",36,3,"H. occidentalis"
"732","Savoko",37,2.35,"H. occidentalis"
"733","Savoko",38,3.35,"H. occidentalis"
"734","Savoko",39,4,"H. occidentalis"
"735","Savoko",4,3.35,"H. occidentalis"
"736","Savoko",40,2.675,"H. occidentalis"
"737","Savoko",41,3.35,"H. occidentalis"
"738","Savoko",42,3.675,"H. occidentalis"
"739","Savoko",43,3.025,"H. occidentalis"
"740","Savoko",44,3,"H. occidentalis"
"741","Savoko",45,2.675,"H. occidentalis"
"742","Savoko",46,4,"H. occidentalis"
"743","Savoko",47,3.35,"H. occidentalis"
"744","Savoko",48,4.35,"H. occidentalis"
"745","Savoko",49,4.025,"H. occidentalis"
"746","Savoko",5,3,"H. occidentalis"
"747","Savoko",50,2.35,"H. occidentalis"
"748","Savoko",51,3.675,"H. occidentalis"
"749","Savoko",52,2.35,"H. occidentalis"
"750","Savoko",53,3.675,"H. occidentalis"
"751","Savoko",54,3.65,"H. occidentalis"
"752","Savoko",55,3.35,"H. occidentalis"
"753","Savoko",56,3,"H. occidentalis"
"754","Savoko",57,3,"H. occidentalis"
"755","Savoko",58,3.025,"H. occidentalis"
"756","Savoko",59,2.35,"H. occidentalis"
"757","Savoko",6,2.675,"H. occidentalis"
"758","Savoko",60,4.025,"H. occidentalis"
"759","Savoko",61,3.325,"H. occidentalis"
"760","Savoko",62,2.675,"H. occidentalis"
"761","Savoko",63,3.7,"H. occidentalis"
"762","Savoko",64,3.35,"H. occidentalis"
"763","Savoko",65,3.675,"H. occidentalis"
"764","Savoko",66,3.025,"H. occidentalis"
"765","Savoko",67,2.35,"H. occidentalis"
"766","Savoko",68,3.35,"H. occidentalis"
"767","Savoko",69,2.675,"H. occidentalis"
"768","Savoko",7,2.35,"H. occidentalis"
"769","Savoko",70,3.35,"H. occidentalis"
"770","Savoko",71,3.025,"H. occidentalis"
"771","Savoko",72,3,"H. occidentalis"
"772","Savoko",73,3.025,"H. occidentalis"
"773","Savoko",74,2.675,"H. occidentalis"
"774","Savoko",75,3.675,"H. occidentalis"
"775","Savoko",76,2.675,"H. occidentalis"
"776","Savoko",77,2.35,"H. occidentalis"
"777","Savoko",78,2.35,"H. occidentalis"
"778","Savoko",79,2.35,"H. occidentalis"
"779","Savoko",8,3.35,"H. occidentalis"
"780","Savoko",80,4,"H. occidentalis"
"781","Savoko",81,3,"H. occidentalis"
"782","Savoko",82,3,"H. occidentalis"
"783","Savoko",83,3.65,"H. occidentalis"
"784","Savoko",84,3.675,"H. occidentalis"
"785","Savoko",85,3.325,"H. occidentalis"
"786","Savoko",86,2.675,"H. occidentalis"
"787","Savoko",87,2.675,"H. occidentalis"
"788","Savoko",88,3,"H. occidentalis"
"789","Savoko",89,3,"H. occidentalis"
"790","Savoko",9,2.675,"H. occidentalis"
"791","Savoko",90,2.35,"H. occidentalis"
"792","Savoko",91,2.675,"H. occidentalis"
"793","Savoko",92,2.675,"H. occidentalis"
"794","Savoko",93,2.35,"H. occidentalis"
"795","Savoko",94,4.025,"H. occidentalis"
"796","Savoko",95,3.675,"H. occidentalis"
"797","Savoko",96,3.7,"H. occidentalis"
"798","Savoko",97,2.675,"H. occidentalis"
"799","Savoko",98,3.675,"H. occidentalis"
"800","Savoko",99,3.325,"H. occidentalis"
"801","Primary",1,26.5181347150259,"E. rubriventer"
"802","Primary",10,27.440414507772,"E. rubriventer"
"803","Primary",100,24.7046632124352,"E. rubriventer"
"804","Primary",11,23.1502590673575,"E. rubriventer"
"805","Primary",12,25.1450777202073,"E. rubriventer"
"806","Primary",13,24.9274611398964,"E. rubriventer"
"807","Primary",14,26.5181347150259,"E. rubriventer"
"808","Primary",15,28.3316062176166,"E. rubriventer"
"809","Primary",16,25.2176165803109,"E. rubriventer"
"810","Primary",17,26.5906735751295,"E. rubriventer"
"811","Primary",18,24.8549222797927,"E. rubriventer"
"812","Primary",19,23.5906735751295,"E. rubriventer"
"813","Primary",2,24.8911917098446,"E. rubriventer"
"814","Primary",20,25.8134715025907,"E. rubriventer"
"815","Primary",21,26.0725388601036,"E. rubriventer"
"816","Primary",22,27.9637305699482,"E. rubriventer"
"817","Primary",23,23.3678756476684,"E. rubriventer"
"818","Primary",24,25.740932642487,"E. rubriventer"
"819","Primary",25,24.740932642487,"E. rubriventer"
"820","Primary",26,26.9637305699482,"E. rubriventer"
"821","Primary",27,23.7046632124352,"E. rubriventer"
"822","Primary",28,25.6632124352332,"E. rubriventer"
"823","Primary",29,23.1450777202073,"E. rubriventer"
"824","Primary",3,26.5181347150259,"E. rubriventer"
"825","Primary",30,22.5544041450777,"E. rubriventer"
"826","Primary",31,23.1813471502591,"E. rubriventer"
"827","Primary",32,21.8497409326425,"E. rubriventer"
"828","Primary",33,20.8186528497409,"E. rubriventer"
"829","Primary",34,22.8911917098446,"E. rubriventer"
"830","Primary",35,21.6269430051813,"E. rubriventer"
"831","Primary",36,20.1502590673575,"E. rubriventer"
"832","Primary",37,24.1450777202073,"E. rubriventer"
"833","Primary",38,24.7772020725389,"E. rubriventer"
"834","Primary",39,26.6321243523316,"E. rubriventer"
"835","Primary",4,23.6632124352332,"E. rubriventer"
"836","Primary",40,23.2227979274611,"E. rubriventer"
"837","Primary",41,25.9948186528497,"E. rubriventer"
"838","Primary",42,24.699481865285,"E. rubriventer"
"839","Primary",43,24.3730569948186,"E. rubriventer"
"840","Primary",44,26.0777202072539,"E. rubriventer"
"841","Primary",45,23.740932642487,"E. rubriventer"
"842","Primary",46,24.7046632124352,"E. rubriventer"
"843","Primary",47,24.9637305699482,"E. rubriventer"
"844","Primary",48,25.5544041450777,"E. rubriventer"
"845","Primary",49,27.7046632124352,"E. rubriventer"
"846","Primary",5,25.2538860103627,"E. rubriventer"
"847","Primary",50,27.9222797927461,"E. rubriventer"
"848","Primary",51,24.3678756476684,"E. rubriventer"
"849","Primary",52,22,"E. rubriventer"
"850","Primary",53,23.5181347150259,"E. rubriventer"
"851","Primary",54,26.8860103626943,"E. rubriventer"
"852","Primary",55,26.740932642487,"E. rubriventer"
"853","Primary",56,25.4041450777202,"E. rubriventer"
"854","Primary",57,30.1450777202072,"E. rubriventer"
"855","Primary",58,22.9637305699482,"E. rubriventer"
"856","Primary",59,22.8134715025907,"E. rubriventer"
"857","Primary",6,25.300518134715,"E. rubriventer"
"858","Primary",60,24.4093264248705,"E. rubriventer"
"859","Primary",61,21.8497409326425,"E. rubriventer"
"860","Primary",62,27.259067357513,"E. rubriventer"
"861","Primary",63,25.6269430051813,"E. rubriventer"
"862","Primary",64,20.259067357513,"E. rubriventer"
"863","Primary",65,23.4818652849741,"E. rubriventer"
"864","Primary",66,21.6269430051813,"E. rubriventer"
"865","Primary",67,21.7823834196891,"E. rubriventer"
"866","Primary",68,25.4093264248705,"E. rubriventer"
"867","Primary",69,24.4093264248705,"E. rubriventer"
"868","Primary",7,25.5906735751295,"E. rubriventer"
"869","Primary",70,24.699481865285,"E. rubriventer"
"870","Primary",71,24.6321243523316,"E. rubriventer"
"871","Primary",72,27.4093264248705,"E. rubriventer"
"872","Primary",73,26.7046632124352,"E. rubriventer"
"873","Primary",74,23.9637305699482,"E. rubriventer"
"874","Primary",75,24.2953367875648,"E. rubriventer"
"875","Primary",76,25.7046632124352,"E. rubriventer"
"876","Primary",77,24.2227979274611,"E. rubriventer"
"877","Primary",78,22.4818652849741,"E. rubriventer"
"878","Primary",79,26.699481865285,"E. rubriventer"
"879","Primary",8,23.559585492228,"E. rubriventer"
"880","Primary",80,22.1865284974093,"E. rubriventer"
"881","Primary",81,25.3678756476684,"E. rubriventer"
"882","Primary",82,22,"E. rubriventer"
"883","Primary",83,23.1813471502591,"E. rubriventer"
"884","Primary",84,21,"E. rubriventer"
"885","Primary",85,24.4041450777202,"E. rubriventer"
"886","Primary",86,25.259067357513,"E. rubriventer"
"887","Primary",87,26.1450777202073,"E. rubriventer"
"888","Primary",88,27.5181347150259,"E. rubriventer"
"889","Primary",89,26.6269430051813,"E. rubriventer"
"890","Primary",9,27.0725388601036,"E. rubriventer"
"891","Primary",90,23.8134715025907,"E. rubriventer"
"892","Primary",91,24.300518134715,"E. rubriventer"
"893","Primary",92,26.2953367875648,"E. rubriventer"
"894","Primary",93,22.0725388601036,"E. rubriventer"
"895","Primary",94,24.0725388601036,"E. rubriventer"
"896","Primary",95,24.7046632124352,"E. rubriventer"
"897","Primary",96,23.740932642487,"E. rubriventer"
"898","Primary",97,20.740932642487,"E. rubriventer"
"899","Primary",98,26.4455958549223,"E. rubriventer"
"900","Primary",99,22.259067357513,"E. rubriventer"
"901","Savoko",1,0,"E. rubriventer"
"902","Savoko",10,0,"E. rubriventer"
"903","Savoko",100,0,"E. rubriventer"
"904","Savoko",11,0,"E. rubriventer"
"905","Savoko",12,0,"E. rubriventer"
"906","Savoko",13,0,"E. rubriventer"
"907","Savoko",14,0,"E. rubriventer"
"908","Savoko",15,0,"E. rubriventer"
"909","Savoko",16,0,"E. rubriventer"
"910","Savoko",17,0,"E. rubriventer"
"911","Savoko",18,0,"E. rubriventer"
"912","Savoko",19,0,"E. rubriventer"
"913","Savoko",2,0,"E. rubriventer"
"914","Savoko",20,0,"E. rubriventer"
"915","Savoko",21,0,"E. rubriventer"
"916","Savoko",22,0,"E. rubriventer"
"917","Savoko",23,0,"E. rubriventer"
"918","Savoko",24,0,"E. rubriventer"
"919","Savoko",25,0,"E. rubriventer"
"920","Savoko",26,0,"E. rubriventer"
"921","Savoko",27,0,"E. rubriventer"
"922","Savoko",28,0,"E. rubriventer"
"923","Savoko",29,0,"E. rubriventer"
"924","Savoko",3,0,"E. rubriventer"
"925","Savoko",30,0,"E. rubriventer"
"926","Savoko",31,0,"E. rubriventer"
"927","Savoko",32,0,"E. rubriventer"
"928","Savoko",33,0,"E. rubriventer"
"929","Savoko",34,0,"E. rubriventer"
"930","Savoko",35,0,"E. rubriventer"
"931","Savoko",36,0,"E. rubriventer"
"932","Savoko",37,0,"E. rubriventer"
"933","Savoko",38,0,"E. rubriventer"
"934","Savoko",39,0,"E. rubriventer"
"935","Savoko",4,0,"E. rubriventer"
"936","Savoko",40,0,"E. rubriventer"
"937","Savoko",41,0,"E. rubriventer"
"938","Savoko",42,0,"E. rubriventer"
"939","Savoko",43,0,"E. rubriventer"
"940","Savoko",44,0,"E. rubriventer"
"941","Savoko",45,0,"E. rubriventer"
"942","Savoko",46,0,"E. rubriventer"
"943","Savoko",47,0,"E. rubriventer"
"944","Savoko",48,0,"E. rubriventer"
"945","Savoko",49,0,"E. rubriventer"
"946","Savoko",5,0,"E. rubriventer"
"947","Savoko",50,0,"E. rubriventer"
"948","Savoko",51,0,"E. rubriventer"
"949","Savoko",52,0,"E. rubriventer"
"950","Savoko",53,0,"E. rubriventer"
"951","Savoko",54,0,"E. rubriventer"
"952","Savoko",55,0,"E. rubriventer"
"953","Savoko",56,0,"E. rubriventer"
"954","Savoko",57,0,"E. rubriventer"
"955","Savoko",58,0,"E. rubriventer"
"956","Savoko",59,0,"E. rubriventer"
"957","Savoko",6,0,"E. rubriventer"
"958","Savoko",60,0,"E. rubriventer"
"959","Savoko",61,0,"E. rubriventer"
"960","Savoko",62,0,"E. rubriventer"
"961","Savoko",63,0,"E. rubriventer"
"962","Savoko",64,0,"E. rubriventer"
"963","Savoko",65,0,"E. rubriventer"
"964","Savoko",66,0,"E. rubriventer"
"965","Savoko",67,0,"E. rubriventer"
"966","Savoko",68,0,"E. rubriventer"
"967","Savoko",69,0,"E. rubriventer"
"968","Savoko",7,0,"E. rubriventer"
"969","Savoko",70,0,"E. rubriventer"
"970","Savoko",71,0,"E. rubriventer"
"971","Savoko",72,0,"E. rubriventer"
"972","Savoko",73,0,"E. rubriventer"
"973","Savoko",74,0,"E. rubriventer"
"974","Savoko",75,0,"E. rubriventer"
"975","Savoko",76,0,"E. rubriventer"
"976","Savoko",77,0,"E. rubriventer"
"977","Savoko",78,0,"E. rubriventer"
"978","Savoko",79,0,"E. rubriventer"
"979","Savoko",8,0,"E. rubriventer"
"980","Savoko",80,0,"E. rubriventer"
"981","Savoko",81,0,"E. rubriventer"
"982","Savoko",82,0,"E. rubriventer"
"983","Savoko",83,0,"E. rubriventer"
"984","Savoko",84,0,"E. rubriventer"
"985","Savoko",85,0,"E. rubriventer"
"986","Savoko",86,0,"E. rubriventer"
"987","Savoko",87,0,"E. rubriventer"
"988","Savoko",88,0,"E. rubriventer"
"989","Savoko",89,0,"E. rubriventer"
"990","Savoko",9,0,"E. rubriventer"
"991","Savoko",90,0,"E. rubriventer"
"992","Savoko",91,0,"E. rubriventer"
"993","Savoko",92,0,"E. rubriventer"
"994","Savoko",93,0,"E. rubriventer"
"995","Savoko",94,0,"E. rubriventer"
"996","Savoko",95,0,"E. rubriventer"
"997","Savoko",96,0,"E. rubriventer"
"998","Savoko",97,0,"E. rubriventer"
"999","Savoko",98,0,"E. rubriventer"
"1000","Savoko",99,0,"E. rubriventer"
"1001","Primary",1,6.22279792746114,"E. albifrons"
"1002","Primary",10,5.55440414507772,"E. albifrons"
"1003","Primary",100,5.29533678756477,"E. albifrons"
"1004","Primary",11,5.59067357512953,"E. albifrons"
"1005","Primary",12,6.59067357512953,"E. albifrons"
"1006","Primary",13,5.03626943005181,"E. albifrons"
"1007","Primary",14,6,"E. albifrons"
"1008","Primary",15,6.48186528497409,"E. albifrons"
"1009","Primary",16,6.77720207253886,"E. albifrons"
"1010","Primary",17,5.59067357512953,"E. albifrons"
"1011","Primary",18,5.55440414507772,"E. albifrons"
"1012","Primary",19,5.59067357512953,"E. albifrons"
"1013","Primary",2,6.07253886010363,"E. albifrons"
"1014","Primary",20,5.81347150259067,"E. albifrons"
"1015","Primary",21,5.74093264248705,"E. albifrons"
"1016","Primary",22,5.59067357512953,"E. albifrons"
"1017","Primary",23,5.59067357512953,"E. albifrons"
"1018","Primary",24,5.81347150259067,"E. albifrons"
"1019","Primary",25,5.55440414507772,"E. albifrons"
"1020","Primary",26,5.84974093264249,"E. albifrons"
"1021","Primary",27,5.55440414507772,"E. albifrons"
"1022","Primary",28,6.36787564766839,"E. albifrons"
"1023","Primary",29,6.59067357512953,"E. albifrons"
"1024","Primary",3,6.29533678756477,"E. albifrons"
"1025","Primary",30,5.74093264248705,"E. albifrons"
"1026","Primary",31,6.03626943005181,"E. albifrons"
"1027","Primary",32,6.07253886010363,"E. albifrons"
"1028","Primary",33,6.33160621761658,"E. albifrons"
"1029","Primary",34,6.55440414507772,"E. albifrons"
"1030","Primary",35,5.29533678756477,"E. albifrons"
"1031","Primary",36,6.29533678756477,"E. albifrons"
"1032","Primary",37,5.55440414507772,"E. albifrons"
"1033","Primary",38,5.29533678756477,"E. albifrons"
"1034","Primary",39,6.5181347150259,"E. albifrons"
"1035","Primary",4,6.07253886010363,"E. albifrons"
"1036","Primary",40,6.25906735751295,"E. albifrons"
"1037","Primary",41,6.77720207253886,"E. albifrons"
"1038","Primary",42,6.33160621761658,"E. albifrons"
"1039","Primary",43,5.03626943005181,"E. albifrons"
"1040","Primary",44,5.07253886010363,"E. albifrons"
"1041","Primary",45,5.59067357512953,"E. albifrons"
"1042","Primary",46,6.59067357512953,"E. albifrons"
"1043","Primary",47,5.07253886010363,"E. albifrons"
"1044","Primary",48,6.36787564766839,"E. albifrons"
"1045","Primary",49,6.36787564766839,"E. albifrons"
"1046","Primary",5,5.03626943005181,"E. albifrons"
"1047","Primary",50,6.55440414507772,"E. albifrons"
"1048","Primary",51,5.77720207253886,"E. albifrons"
"1049","Primary",52,6.07253886010363,"E. albifrons"
"1050","Primary",53,5.59067357512953,"E. albifrons"
"1051","Primary",54,6.51813471502591,"E. albifrons"
"1052","Primary",55,7.22279792746114,"E. albifrons"
"1053","Primary",56,5.84974093264249,"E. albifrons"
"1054","Primary",57,6.33160621761658,"E. albifrons"
"1055","Primary",58,6.33160621761658,"E. albifrons"
"1056","Primary",59,7.18652849740933,"E. albifrons"
"1057","Primary",6,6.03626943005181,"E. albifrons"
"1058","Primary",60,6.25906735751295,"E. albifrons"
"1059","Primary",61,5.55440414507772,"E. albifrons"
"1060","Primary",62,6.07253886010363,"E. albifrons"
"1061","Primary",63,6.07253886010363,"E. albifrons"
"1062","Primary",64,5.29533678756477,"E. albifrons"
"1063","Primary",65,5.29533678756477,"E. albifrons"
"1064","Primary",66,5.33160621761658,"E. albifrons"
"1065","Primary",67,5.29533678756477,"E. albifrons"
"1066","Primary",68,5.81347150259067,"E. albifrons"
"1067","Primary",69,6.59067357512953,"E. albifrons"
"1068","Primary",7,5.59067357512953,"E. albifrons"
"1069","Primary",70,5.07253886010363,"E. albifrons"
"1070","Primary",71,5.81347150259067,"E. albifrons"
"1071","Primary",72,5.33160621761658,"E. albifrons"
"1072","Primary",73,6.33160621761658,"E. albifrons"
"1073","Primary",74,6.03626943005181,"E. albifrons"
"1074","Primary",75,5.81347150259067,"E. albifrons"
"1075","Primary",76,6.77720207253886,"E. albifrons"
"1076","Primary",77,5.74093264248705,"E. albifrons"
"1077","Primary",78,5.77720207253886,"E. albifrons"
"1078","Primary",79,5.81347150259067,"E. albifrons"
"1079","Primary",8,5.25906735751295,"E. albifrons"
"1080","Primary",80,5.77720207253886,"E. albifrons"
"1081","Primary",81,6.33160621761658,"E. albifrons"
"1082","Primary",82,5.03626943005181,"E. albifrons"
"1083","Primary",83,5.77720207253886,"E. albifrons"
"1084","Primary",84,4.81347150259067,"E. albifrons"
"1085","Primary",85,5.07253886010363,"E. albifrons"
"1086","Primary",86,6.55440414507772,"E. albifrons"
"1087","Primary",87,5.77720207253886,"E. albifrons"
"1088","Primary",88,5.07253886010363,"E. albifrons"
"1089","Primary",89,5.55440414507772,"E. albifrons"
"1090","Primary",9,6.10880829015544,"E. albifrons"
"1091","Primary",90,5.33160621761658,"E. albifrons"
"1092","Primary",91,5.59067357512953,"E. albifrons"
"1093","Primary",92,5.81347150259067,"E. albifrons"
"1094","Primary",93,5.55440414507772,"E. albifrons"
"1095","Primary",94,5.55440414507772,"E. albifrons"
"1096","Primary",95,6.07253886010363,"E. albifrons"
"1097","Primary",96,7.07253886010363,"E. albifrons"
"1098","Primary",97,6.03626943005181,"E. albifrons"
"1099","Primary",98,5.55440414507772,"E. albifrons"
"1100","Primary",99,6.77720207253886,"E. albifrons"
"1101","Savoko",1,1.3,"E. albifrons"
"1102","Savoko",10,1.325,"E. albifrons"
"1103","Savoko",100,1.325,"E. albifrons"
"1104","Savoko",11,0.65,"E. albifrons"
"1105","Savoko",12,0.65,"E. albifrons"
"1106","Savoko",13,0.975,"E. albifrons"
"1107","Savoko",14,1.3,"E. albifrons"
"1108","Savoko",15,0.65,"E. albifrons"
"1109","Savoko",16,0.65,"E. albifrons"
"1110","Savoko",17,0.65,"E. albifrons"
"1111","Savoko",18,0.65,"E. albifrons"
"1112","Savoko",19,0.65,"E. albifrons"
"1113","Savoko",2,0.65,"E. albifrons"
"1114","Savoko",20,0.975,"E. albifrons"
"1115","Savoko",21,1.65,"E. albifrons"
"1116","Savoko",22,0.65,"E. albifrons"
"1117","Savoko",23,0.65,"E. albifrons"
"1118","Savoko",24,0.65,"E. albifrons"
"1119","Savoko",25,1.325,"E. albifrons"
"1120","Savoko",26,0.975,"E. albifrons"
"1121","Savoko",27,1.325,"E. albifrons"
"1122","Savoko",28,0.65,"E. albifrons"
"1123","Savoko",29,0.65,"E. albifrons"
"1124","Savoko",3,0.65,"E. albifrons"
"1125","Savoko",30,0.975,"E. albifrons"
"1126","Savoko",31,0.975,"E. albifrons"
"1127","Savoko",32,0.65,"E. albifrons"
"1128","Savoko",33,0.65,"E. albifrons"
"1129","Savoko",34,0.65,"E. albifrons"
"1130","Savoko",35,0.975,"E. albifrons"
"1131","Savoko",36,1.3,"E. albifrons"
"1132","Savoko",37,0.65,"E. albifrons"
"1133","Savoko",38,0.65,"E. albifrons"
"1134","Savoko",39,1.325,"E. albifrons"
"1135","Savoko",4,0.975,"E. albifrons"
"1136","Savoko",40,0.65,"E. albifrons"
"1137","Savoko",41,1.3,"E. albifrons"
"1138","Savoko",42,0.65,"E. albifrons"
"1139","Savoko",43,0.65,"E. albifrons"
"1140","Savoko",44,0.65,"E. albifrons"
"1141","Savoko",45,0.65,"E. albifrons"
"1142","Savoko",46,0.65,"E. albifrons"
"1143","Savoko",47,0.975,"E. albifrons"
"1144","Savoko",48,0.975,"E. albifrons"
"1145","Savoko",49,0.975,"E. albifrons"
"1146","Savoko",5,1.65,"E. albifrons"
"1147","Savoko",50,0.65,"E. albifrons"
"1148","Savoko",51,1.65,"E. albifrons"
"1149","Savoko",52,0.65,"E. albifrons"
"1150","Savoko",53,0.65,"E. albifrons"
"1151","Savoko",54,0.975,"E. albifrons"
"1152","Savoko",55,0.65,"E. albifrons"
"1153","Savoko",56,0.65,"E. albifrons"
"1154","Savoko",57,0.65,"E. albifrons"
"1155","Savoko",58,0.65,"E. albifrons"
"1156","Savoko",59,1.325,"E. albifrons"
"1157","Savoko",6,0.975,"E. albifrons"
"1158","Savoko",60,0.65,"E. albifrons"
"1159","Savoko",61,0.65,"E. albifrons"
"1160","Savoko",62,1.65,"E. albifrons"
"1161","Savoko",63,0.65,"E. albifrons"
"1162","Savoko",64,0.65,"E. albifrons"
"1163","Savoko",65,0.65,"E. albifrons"
"1164","Savoko",66,0.65,"E. albifrons"
"1165","Savoko",67,0.65,"E. albifrons"
"1166","Savoko",68,0.65,"E. albifrons"
"1167","Savoko",69,0.65,"E. albifrons"
"1168","Savoko",7,0.65,"E. albifrons"
"1169","Savoko",70,0.65,"E. albifrons"
"1170","Savoko",71,0.65,"E. albifrons"
"1171","Savoko",72,0.65,"E. albifrons"
"1172","Savoko",73,0.65,"E. albifrons"
"1173","Savoko",74,1.325,"E. albifrons"
"1174","Savoko",75,0.65,"E. albifrons"
"1175","Savoko",76,0.975,"E. albifrons"
"1176","Savoko",77,1.325,"E. albifrons"
"1177","Savoko",78,1.325,"E. albifrons"
"1178","Savoko",79,0.65,"E. albifrons"
"1179","Savoko",8,0.975,"E. albifrons"
"1180","Savoko",80,0.975,"E. albifrons"
"1181","Savoko",81,0.65,"E. albifrons"
"1182","Savoko",82,0.65,"E. albifrons"
"1183","Savoko",83,0.65,"E. albifrons"
"1184","Savoko",84,0.65,"E. albifrons"
"1185","Savoko",85,0.65,"E. albifrons"
"1186","Savoko",86,0.975,"E. albifrons"
"1187","Savoko",87,0.975,"E. albifrons"
"1188","Savoko",88,1.325,"E. albifrons"
"1189","Savoko",89,0.975,"E. albifrons"
"1190","Savoko",9,0.65,"E. albifrons"
"1191","Savoko",90,0.975,"E. albifrons"
"1192","Savoko",91,0.65,"E. albifrons"
"1193","Savoko",92,0.65,"E. albifrons"
"1194","Savoko",93,0.65,"E. albifrons"
"1195","Savoko",94,0.975,"E. albifrons"
"1196","Savoko",95,0.65,"E. albifrons"
"1197","Savoko",96,0.975,"E. albifrons"
"1198","Savoko",97,0.65,"E. albifrons"
"1199","Savoko",98,1.325,"E. albifrons"
"1200","Savoko",99,1.975,"E. albifrons"
"1201","Primary",1,59.5233160621762,"M. lehilahytsara"
"1202","Primary",10,63.2901554404145,"M. lehilahytsara"
"1203","Primary",100,61.559585492228,"M. lehilahytsara"
"1204","Primary",11,59.8134715025907,"M. lehilahytsara"
"1205","Primary",12,63.4818652849741,"M. lehilahytsara"
"1206","Primary",13,60.1502590673575,"M. lehilahytsara"
"1207","Primary",14,61.440414507772,"M. lehilahytsara"
"1208","Primary",15,61.2538860103627,"M. lehilahytsara"
"1209","Primary",16,60.9274611398964,"M. lehilahytsara"
"1210","Primary",17,59.3730569948187,"M. lehilahytsara"
"1211","Primary",18,63.6321243523316,"M. lehilahytsara"
"1212","Primary",19,58.4145077720207,"M. lehilahytsara"
"1213","Primary",2,58.8186528497409,"M. lehilahytsara"
"1214","Primary",20,64.1502590673575,"M. lehilahytsara"
"1215","Primary",21,62.139896373057,"M. lehilahytsara"
"1216","Primary",22,57.8860103626943,"M. lehilahytsara"
"1217","Primary",23,57.740932642487,"M. lehilahytsara"
"1218","Primary",24,60.0362694300518,"M. lehilahytsara"
"1219","Primary",25,60.5181347150259,"M. lehilahytsara"
"1220","Primary",26,63.2538860103627,"M. lehilahytsara"
"1221","Primary",27,61.0777202072539,"M. lehilahytsara"
"1222","Primary",28,64.1088082901554,"M. lehilahytsara"
"1223","Primary",29,65.3316062176166,"M. lehilahytsara"
"1224","Primary",3,60.4766839378238,"M. lehilahytsara"
"1225","Primary",30,63.1502590673575,"M. lehilahytsara"
"1226","Primary",31,63.5544041450777,"M. lehilahytsara"
"1227","Primary",32,58.9326424870466,"M. lehilahytsara"
"1228","Primary",33,62.4818652849741,"M. lehilahytsara"
"1229","Primary",34,60.300518134715,"M. lehilahytsara"
"1230","Primary",35,59.1865284974093,"M. lehilahytsara"
"1231","Primary",36,59.3678756476684,"M. lehilahytsara"
"1232","Primary",37,63.6683937823834,"M. lehilahytsara"
"1233","Primary",38,60.8186528497409,"M. lehilahytsara"
"1234","Primary",39,64,"M. lehilahytsara"
"1235","Primary",4,59.7046632124352,"M. lehilahytsara"
"1236","Primary",40,61.259067357513,"M. lehilahytsara"
"1237","Primary",41,65.4455958549223,"M. lehilahytsara"
"1238","Primary",42,63.9637305699482,"M. lehilahytsara"
"1239","Primary",43,63.1139896373057,"M. lehilahytsara"
"1240","Primary",44,56.9637305699482,"M. lehilahytsara"
"1241","Primary",45,60.1502590673575,"M. lehilahytsara"
"1242","Primary",46,63.3730569948186,"M. lehilahytsara"
"1243","Primary",47,63.3678756476684,"M. lehilahytsara"
"1244","Primary",48,63.8911917098446,"M. lehilahytsara"
"1245","Primary",49,60.9637305699482,"M. lehilahytsara"
"1246","Primary",5,61.3367875647668,"M. lehilahytsara"
"1247","Primary",50,60.5906735751295,"M. lehilahytsara"
"1248","Primary",51,61.699481865285,"M. lehilahytsara"
"1249","Primary",52,59.4093264248705,"M. lehilahytsara"
"1250","Primary",53,58.3316062176166,"M. lehilahytsara"
"1251","Primary",54,62.2227979274611,"M. lehilahytsara"
"1252","Primary",55,61.0777202072539,"M. lehilahytsara"
"1253","Primary",56,60.0777202072539,"M. lehilahytsara"
"1254","Primary",57,59.7461139896373,"M. lehilahytsara"
"1255","Primary",58,55.4870466321243,"M. lehilahytsara"
"1256","Primary",59,59.8186528497409,"M. lehilahytsara"
"1257","Primary",6,53.119170984456,"M. lehilahytsara"
"1258","Primary",60,58.2642487046632,"M. lehilahytsara"
"1259","Primary",61,54.7098445595855,"M. lehilahytsara"
"1260","Primary",62,62.6632124352331,"M. lehilahytsara"
"1261","Primary",63,60.740932642487,"M. lehilahytsara"
"1262","Primary",64,60.4093264248705,"M. lehilahytsara"
"1263","Primary",65,62.0777202072539,"M. lehilahytsara"
"1264","Primary",66,61.9274611398964,"M. lehilahytsara"
"1265","Primary",67,56.6683937823834,"M. lehilahytsara"
"1266","Primary",68,61.4766839378238,"M. lehilahytsara"
"1267","Primary",69,61.7823834196891,"M. lehilahytsara"
"1268","Primary",7,63.3678756476684,"M. lehilahytsara"
"1269","Primary",70,61.0725388601036,"M. lehilahytsara"
"1270","Primary",71,61.300518134715,"M. lehilahytsara"
"1271","Primary",72,59.2227979274611,"M. lehilahytsara"
"1272","Primary",73,61.7046632124352,"M. lehilahytsara"
"1273","Primary",74,59.7046632124352,"M. lehilahytsara"
"1274","Primary",75,60.0362694300518,"M. lehilahytsara"
"1275","Primary",76,62.5181347150259,"M. lehilahytsara"
"1276","Primary",77,62.1865284974093,"M. lehilahytsara"
"1277","Primary",78,57.0414507772021,"M. lehilahytsara"
"1278","Primary",79,65.259067357513,"M. lehilahytsara"
"1279","Primary",8,63.8911917098446,"M. lehilahytsara"
"1280","Primary",80,61.259067357513,"M. lehilahytsara"
"1281","Primary",81,61.4455958549223,"M. lehilahytsara"
"1282","Primary",82,63.5958549222798,"M. lehilahytsara"
"1283","Primary",83,59.8911917098446,"M. lehilahytsara"
"1284","Primary",84,56.9637305699482,"M. lehilahytsara"
"1285","Primary",85,56.2176165803109,"M. lehilahytsara"
"1286","Primary",86,59.8911917098445,"M. lehilahytsara"
"1287","Primary",87,59.6217616580311,"M. lehilahytsara"
"1288","Primary",88,64.4455958549223,"M. lehilahytsara"
"1289","Primary",89,58.259067357513,"M. lehilahytsara"
"1290","Primary",9,63.9274611398964,"M. lehilahytsara"
"1291","Primary",90,60.8497409326425,"M. lehilahytsara"
"1292","Primary",91,57.259067357513,"M. lehilahytsara"
"1293","Primary",92,62.8911917098445,"M. lehilahytsara"
"1294","Primary",93,62.6683937823834,"M. lehilahytsara"
"1295","Primary",94,59.4093264248705,"M. lehilahytsara"
"1296","Primary",95,56.5958549222798,"M. lehilahytsara"
"1297","Primary",96,57.1865284974093,"M. lehilahytsara"
"1298","Primary",97,60.559585492228,"M. lehilahytsara"
"1299","Primary",98,62.8497409326425,"M. lehilahytsara"
"1300","Primary",99,60.440414507772,"M. lehilahytsara"
"1301","Savoko",1,68,"M. lehilahytsara"
"1302","Savoko",10,63.75,"M. lehilahytsara"
"1303","Savoko",100,63.375,"M. lehilahytsara"
"1304","Savoko",11,64.65,"M. lehilahytsara"
"1305","Savoko",12,63.625,"M. lehilahytsara"
"1306","Savoko",13,60.925,"M. lehilahytsara"
"1307","Savoko",14,65.675,"M. lehilahytsara"
"1308","Savoko",15,55.95,"M. lehilahytsara"
"1309","Savoko",16,66,"M. lehilahytsara"
"1310","Savoko",17,61.65,"M. lehilahytsara"
"1311","Savoko",18,64.675,"M. lehilahytsara"
"1312","Savoko",19,64.975,"M. lehilahytsara"
"1313","Savoko",2,66.325,"M. lehilahytsara"
"1314","Savoko",20,66,"M. lehilahytsara"
"1315","Savoko",21,67.025,"M. lehilahytsara"
"1316","Savoko",22,65.3,"M. lehilahytsara"
"1317","Savoko",23,67.675,"M. lehilahytsara"
"1318","Savoko",24,60.925,"M. lehilahytsara"
"1319","Savoko",25,66.65,"M. lehilahytsara"
"1320","Savoko",26,65.025,"M. lehilahytsara"
"1321","Savoko",27,65.975,"M. lehilahytsara"
"1322","Savoko",28,65.3,"M. lehilahytsara"
"1323","Savoko",29,63.05,"M. lehilahytsara"
"1324","Savoko",3,66,"M. lehilahytsara"
"1325","Savoko",30,66.35,"M. lehilahytsara"
"1326","Savoko",31,61.625,"M. lehilahytsara"
"1327","Savoko",32,65.675,"M. lehilahytsara"
"1328","Savoko",33,62.625,"M. lehilahytsara"
"1329","Savoko",34,64.625,"M. lehilahytsara"
"1330","Savoko",35,64.425,"M. lehilahytsara"
"1331","Savoko",36,68,"M. lehilahytsara"
"1332","Savoko",37,66.325,"M. lehilahytsara"
"1333","Savoko",38,68,"M. lehilahytsara"
"1334","Savoko",39,67.35,"M. lehilahytsara"
"1335","Savoko",4,64.65,"M. lehilahytsara"
"1336","Savoko",40,64.65,"M. lehilahytsara"
"1337","Savoko",41,67.35,"M. lehilahytsara"
"1338","Savoko",42,63.3,"M. lehilahytsara"
"1339","Savoko",43,66.65,"M. lehilahytsara"
"1340","Savoko",44,61.975,"M. lehilahytsara"
"1341","Savoko",45,66.7,"M. lehilahytsara"
"1342","Savoko",46,60.625,"M. lehilahytsara"
"1343","Savoko",47,66.7,"M. lehilahytsara"
"1344","Savoko",48,62.375,"M. lehilahytsara"
"1345","Savoko",49,63.975,"M. lehilahytsara"
"1346","Savoko",5,64.625,"M. lehilahytsara"
"1347","Savoko",50,65.725,"M. lehilahytsara"
"1348","Savoko",51,65.35,"M. lehilahytsara"
"1349","Savoko",52,64.65,"M. lehilahytsara"
"1350","Savoko",53,66.35,"M. lehilahytsara"
"1351","Savoko",54,63,"M. lehilahytsara"
"1352","Savoko",55,64.35,"M. lehilahytsara"
"1353","Savoko",56,68,"M. lehilahytsara"
"1354","Savoko",57,62.275,"M. lehilahytsara"
"1355","Savoko",58,65.3,"M. lehilahytsara"
"1356","Savoko",59,60.925,"M. lehilahytsara"
"1357","Savoko",6,67,"M. lehilahytsara"
"1358","Savoko",60,66.675,"M. lehilahytsara"
"1359","Savoko",61,64.3,"M. lehilahytsara"
"1360","Savoko",62,66.65,"M. lehilahytsara"
"1361","Savoko",63,64.975,"M. lehilahytsara"
"1362","Savoko",64,67.325,"M. lehilahytsara"
"1363","Savoko",65,66.325,"M. lehilahytsara"
"1364","Savoko",66,65.3,"M. lehilahytsara"
"1365","Savoko",67,64.3,"M. lehilahytsara"
"1366","Savoko",68,67.325,"M. lehilahytsara"
"1367","Savoko",69,67,"M. lehilahytsara"
"1368","Savoko",7,66.675,"M. lehilahytsara"
"1369","Savoko",70,62.95,"M. lehilahytsara"
"1370","Savoko",71,63.275,"M. lehilahytsara"
"1371","Savoko",72,63.95,"M. lehilahytsara"
"1372","Savoko",73,65.325,"M. lehilahytsara"
"1373","Savoko",74,66.65,"M. lehilahytsara"
"1374","Savoko",75,67.025,"M. lehilahytsara"
"1375","Savoko",76,65.65,"M. lehilahytsara"
"1376","Savoko",77,66.025,"M. lehilahytsara"
"1377","Savoko",78,63.625,"M. lehilahytsara"
"1378","Savoko",79,67.35,"M. lehilahytsara"
"1379","Savoko",8,66.675,"M. lehilahytsara"
"1380","Savoko",80,67.325,"M. lehilahytsara"
"1381","Savoko",81,66.675,"M. lehilahytsara"
"1382","Savoko",82,66.325,"M. lehilahytsara"
"1383","Savoko",83,62.975,"M. lehilahytsara"
"1384","Savoko",84,64.625,"M. lehilahytsara"
"1385","Savoko",85,64.975,"M. lehilahytsara"
"1386","Savoko",86,65.65,"M. lehilahytsara"
"1387","Savoko",87,61,"M. lehilahytsara"
"1388","Savoko",88,63.725,"M. lehilahytsara"
"1389","Savoko",89,65.975,"M. lehilahytsara"
"1390","Savoko",9,67.675,"M. lehilahytsara"
"1391","Savoko",90,65.975,"M. lehilahytsara"
"1392","Savoko",91,60.625,"M. lehilahytsara"
"1393","Savoko",92,65.975,"M. lehilahytsara"
"1394","Savoko",93,66.325,"M. lehilahytsara"
"1395","Savoko",94,68,"M. lehilahytsara"
"1396","Savoko",95,66.325,"M. lehilahytsara"
"1397","Savoko",96,64.675,"M. lehilahytsara"
"1398","Savoko",97,67,"M. lehilahytsara"
"1399","Savoko",98,64.05,"M. lehilahytsara"
"1400","Savoko",99,67.325,"M. lehilahytsara"
"1401","Primary",1,48.5492227979275,"L. seali"
"1402","Primary",10,53.2227979274611,"L. seali"
"1403","Primary",100,53.3678756476684,"L. seali"
"1404","Primary",11,48.5906735751295,"L. seali"
"1405","Primary",12,53.3316062176166,"L. seali"
"1406","Primary",13,49.4455958549223,"L. seali"
"1407","Primary",14,51.699481865285,"L. seali"
"1408","Primary",15,50.4766839378238,"L. seali"
"1409","Primary",16,54.2538860103627,"L. seali"
"1410","Primary",17,56.5854922279793,"L. seali"
"1411","Primary",18,55.3367875647668,"L. seali"
"1412","Primary",19,52.0984455958549,"L. seali"
"1413","Primary",2,52.0310880829015,"L. seali"
"1414","Primary",20,53.7305699481865,"L. seali"
"1415","Primary",21,53.3316062176166,"L. seali"
"1416","Primary",22,56.5129533678756,"L. seali"
"1417","Primary",23,53.8860103626943,"L. seali"
"1418","Primary",24,46.2953367875648,"L. seali"
"1419","Primary",25,53.4352331606218,"L. seali"
"1420","Primary",26,49.6632124352332,"L. seali"
"1421","Primary",27,52.0362694300518,"L. seali"
"1422","Primary",28,50.6943005181347,"L. seali"
"1423","Primary",29,47.2124352331606,"L. seali"
"1424","Primary",3,52.6269430051813,"L. seali"
"1425","Primary",30,53.2227979274611,"L. seali"
"1426","Primary",31,48.2953367875648,"L. seali"
"1427","Primary",32,49.5906735751295,"L. seali"
"1428","Primary",33,46.8445595854922,"L. seali"
"1429","Primary",34,46.9585492227979,"L. seali"
"1430","Primary",35,56.6683937823834,"L. seali"
"1431","Primary",36,51.4766839378238,"L. seali"
"1432","Primary",37,44.740932642487,"L. seali"
"1433","Primary",38,51.5854922279793,"L. seali"
"1434","Primary",39,51.1088082901554,"L. seali"
"1435","Primary",4,54.5854922279793,"L. seali"
"1436","Primary",40,50.4766839378238,"L. seali"
"1437","Primary",41,55.2487046632124,"L. seali"
"1438","Primary",42,52.9896373056995,"L. seali"
"1439","Primary",43,49.8445595854922,"L. seali"
"1440","Primary",44,47.0310880829015,"L. seali"
"1441","Primary",45,54.4455958549223,"L. seali"
"1442","Primary",46,53.1813471502591,"L. seali"
"1443","Primary",47,53.7305699481865,"L. seali"
"1444","Primary",48,49.1088082901554,"L. seali"
"1445","Primary",49,47.1761658031088,"L. seali"
"1446","Primary",5,50.6632124352332,"L. seali"
"1447","Primary",50,51.6269430051813,"L. seali"
"1448","Primary",51,57.2538860103627,"L. seali"
"1449","Primary",52,52.2124352331606,"L. seali"
"1450","Primary",53,56.3264248704663,"L. seali"
"1451","Primary",54,51.2538860103627,"L. seali"
"1452","Primary",55,50.6217616580311,"L. seali"
"1453","Primary",56,49.2901554404145,"L. seali"
"1454","Primary",57,48.5181347150259,"L. seali"
"1455","Primary",58,50.1865284974093,"L. seali"
"1456","Primary",59,53.9896373056995,"L. seali"
"1457","Primary",6,48.9896373056995,"L. seali"
"1458","Primary",60,53.0673575129534,"L. seali"
"1459","Primary",61,46.5906735751295,"L. seali"
"1460","Primary",62,48.9222797927461,"L. seali"
"1461","Primary",63,49.5077720207254,"L. seali"
"1462","Primary",64,54.0673575129534,"L. seali"
"1463","Primary",65,50.9170984455958,"L. seali"
"1464","Primary",66,55.5854922279793,"L. seali"
"1465","Primary",67,50.0673575129534,"L. seali"
"1466","Primary",68,55.1865284974093,"L. seali"
"1467","Primary",69,53.8445595854922,"L. seali"
"1468","Primary",7,51.8756476683938,"L. seali"
"1469","Primary",70,56.699481865285,"L. seali"
"1470","Primary",71,54.1088082901554,"L. seali"
"1471","Primary",72,54.9637305699482,"L. seali"
"1472","Primary",73,56.3264248704663,"L. seali"
"1473","Primary",74,54.9896373056995,"L. seali"
"1474","Primary",75,52.4352331606218,"L. seali"
"1475","Primary",76,47.9222797927461,"L. seali"
"1476","Primary",77,50.740932642487,"L. seali"
"1477","Primary",78,53.3730569948186,"L. seali"
"1478","Primary",79,51.8497409326425,"L. seali"
"1479","Primary",8,55.2538860103627,"L. seali"
"1480","Primary",80,47.4455958549223,"L. seali"
"1481","Primary",81,51.7357512953368,"L. seali"
"1482","Primary",82,49.7668393782383,"L. seali"
"1483","Primary",83,50.6943005181347,"L. seali"
"1484","Primary",84,55.0673575129534,"L. seali"
"1485","Primary",85,49.8031088082901,"L. seali"
"1486","Primary",86,57.9948186528497,"L. seali"
"1487","Primary",87,48.7720207253886,"L. seali"
"1488","Primary",88,52.5129533678756,"L. seali"
"1489","Primary",89,46.880829015544,"L. seali"
"1490","Primary",9,50.139896373057,"L. seali"
"1491","Primary",90,48.1761658031088,"L. seali"
"1492","Primary",91,49.2176165803109,"L. seali"
"1493","Primary",92,49.699481865285,"L. seali"
"1494","Primary",93,54.2953367875648,"L. seali"
"1495","Primary",94,53.2176165803109,"L. seali"
"1496","Primary",95,46.9222797927461,"L. seali"
"1497","Primary",96,46.880829015544,"L. seali"
"1498","Primary",97,51.699481865285,"L. seali"
"1499","Primary",98,50.9948186528497,"L. seali"
"1500","Primary",99,48.4352331606218,"L. seali"
"1501","Savoko",1,24.2,"L. seali"
"1502","Savoko",10,25.475,"L. seali"
"1503","Savoko",100,19.625,"L. seali"
"1504","Savoko",11,26.9,"L. seali"
"1505","Savoko",12,21.875,"L. seali"
"1506","Savoko",13,23.5,"L. seali"
"1507","Savoko",14,21.25,"L. seali"
"1508","Savoko",15,25.625,"L. seali"
"1509","Savoko",16,20.85,"L. seali"
"1510","Savoko",17,26.6,"L. seali"
"1511","Savoko",18,17.525,"L. seali"
"1512","Savoko",19,20.275,"L. seali"
"1513","Savoko",2,22.925,"L. seali"
"1514","Savoko",20,24.225,"L. seali"
"1515","Savoko",21,20.3,"L. seali"
"1516","Savoko",22,24.95,"L. seali"
"1517","Savoko",23,19.85,"L. seali"
"1518","Savoko",24,27.6,"L. seali"
"1519","Savoko",25,22.575,"L. seali"
"1520","Savoko",26,20.275,"L. seali"
"1521","Savoko",27,19.25,"L. seali"
"1522","Savoko",28,19.95,"L. seali"
"1523","Savoko",29,17.875,"L. seali"
"1524","Savoko",3,19.975,"L. seali"
"1525","Savoko",30,21.55,"L. seali"
"1526","Savoko",31,24.2,"L. seali"
"1527","Savoko",32,22.6,"L. seali"
"1528","Savoko",33,18.975,"L. seali"
"1529","Savoko",34,25.25,"L. seali"
"1530","Savoko",35,22.2,"L. seali"
"1531","Savoko",36,16.325,"L. seali"
"1532","Savoko",37,24.85,"L. seali"
"1533","Savoko",38,22.9,"L. seali"
"1534","Savoko",39,20.25,"L. seali"
"1535","Savoko",4,18.6,"L. seali"
"1536","Savoko",40,22.55,"L. seali"
"1537","Savoko",41,19.6,"L. seali"
"1538","Savoko",42,21.325,"L. seali"
"1539","Savoko",43,20.225,"L. seali"
"1540","Savoko",44,21.225,"L. seali"
"1541","Savoko",45,21.525,"L. seali"
"1542","Savoko",46,23.575,"L. seali"
"1543","Savoko",47,19.275,"L. seali"
"1544","Savoko",48,22.275,"L. seali"
"1545","Savoko",49,19.875,"L. seali"
"1546","Savoko",5,16.9,"L. seali"
"1547","Savoko",50,22.95,"L. seali"
"1548","Savoko",51,16.875,"L. seali"
"1549","Savoko",52,22.575,"L. seali"
"1550","Savoko",53,16.95,"L. seali"
"1551","Savoko",54,22.25,"L. seali"
"1552","Savoko",55,19.85,"L. seali"
"1553","Savoko",56,15.6,"L. seali"
"1554","Savoko",57,21.525,"L. seali"
"1555","Savoko",58,23.625,"L. seali"
"1556","Savoko",59,19.525,"L. seali"
"1557","Savoko",6,17.875,"L. seali"
"1558","Savoko",60,18.95,"L. seali"
"1559","Savoko",61,19.85,"L. seali"
"1560","Savoko",62,23.975,"L. seali"
"1561","Savoko",63,19.95,"L. seali"
"1562","Savoko",64,20.85,"L. seali"
"1563","Savoko",65,25.525,"L. seali"
"1564","Savoko",66,23.3,"L. seali"
"1565","Savoko",67,20.925,"L. seali"
"1566","Savoko",68,21.25,"L. seali"
"1567","Savoko",69,21.225,"L. seali"
"1568","Savoko",7,23.575,"L. seali"
"1569","Savoko",70,20.25,"L. seali"
"1570","Savoko",71,21.925,"L. seali"
"1571","Savoko",72,20.65,"L. seali"
"1572","Savoko",73,23.55,"L. seali"
"1573","Savoko",74,22.175,"L. seali"
"1574","Savoko",75,22.25,"L. seali"
"1575","Savoko",76,17.25,"L. seali"
"1576","Savoko",77,22.225,"L. seali"
"1577","Savoko",78,25.6,"L. seali"
"1578","Savoko",79,17.55,"L. seali"
"1579","Savoko",8,19.2,"L. seali"
"1580","Savoko",80,21.55,"L. seali"
"1581","Savoko",81,23.475,"L. seali"
"1582","Savoko",82,18.575,"L. seali"
"1583","Savoko",83,21.175,"L. seali"
"1584","Savoko",84,22.225,"L. seali"
"1585","Savoko",85,21.9,"L. seali"
"1586","Savoko",86,17.525,"L. seali"
"1587","Savoko",87,20.95,"L. seali"
"1588","Savoko",88,18.8,"L. seali"
"1589","Savoko",89,17.225,"L. seali"
"1590","Savoko",9,22.175,"L. seali"
"1591","Savoko",90,21.575,"L. seali"
"1592","Savoko",91,19.9,"L. seali"
"1593","Savoko",92,19.3,"L. seali"
"1594","Savoko",93,21.275,"L. seali"
"1595","Savoko",94,21.6,"L. seali"
"1596","Savoko",95,20.875,"L. seali"
"1597","Savoko",96,16.225,"L. seali"
"1598","Savoko",97,20.85,"L. seali"
"1599","Savoko",98,22.2,"L. seali"
"1600","Savoko",99,25,"L. seali"
"1601","Primary",1,8.37305699481865,"P. candidus"
"1602","Primary",10,7.89119170984456,"P. candidus"
"1603","Primary",100,7.85492227979275,"P. candidus"
"1604","Primary",11,8.30051813471503,"P. candidus"
"1605","Primary",12,8.04145077720207,"P. candidus"
"1606","Primary",13,8.55958549222798,"P. candidus"
"1607","Primary",14,10.6321243523316,"P. candidus"
"1608","Primary",15,7.30051813471503,"P. candidus"
"1609","Primary",16,9.40932642487047,"P. candidus"
"1610","Primary",17,7.15025906735751,"P. candidus"
"1611","Primary",18,8.40932642487046,"P. candidus"
"1612","Primary",19,6.63212435233161,"P. candidus"
"1613","Primary",2,7.85492227979275,"P. candidus"
"1614","Primary",20,8.59585492227979,"P. candidus"
"1615","Primary",21,9.44559585492228,"P. candidus"
"1616","Primary",22,6.63212435233161,"P. candidus"
"1617","Primary",23,9.30051813471503,"P. candidus"
"1618","Primary",24,9.40932642487046,"P. candidus"
"1619","Primary",25,7.63212435233161,"P. candidus"
"1620","Primary",26,8.33678756476684,"P. candidus"
"1621","Primary",27,9.92746113989637,"P. candidus"
"1622","Primary",28,7.63212435233161,"P. candidus"
"1623","Primary",29,8.30051813471503,"P. candidus"
"1624","Primary",3,8.55958549222798,"P. candidus"
"1625","Primary",30,7.92746113989637,"P. candidus"
"1626","Primary",31,8.81865284974093,"P. candidus"
"1627","Primary",32,8.15025906735751,"P. candidus"
"1628","Primary",33,8.55958549222798,"P. candidus"
"1629","Primary",34,9.85492227979275,"P. candidus"
"1630","Primary",35,9.40932642487047,"P. candidus"
"1631","Primary",36,9.1139896373057,"P. candidus"
"1632","Primary",37,8.55958549222798,"P. candidus"
"1633","Primary",38,8.63212435233161,"P. candidus"
"1634","Primary",39,8.18652849740933,"P. candidus"
"1635","Primary",4,8.30051813471503,"P. candidus"
"1636","Primary",40,8.44559585492228,"P. candidus"
"1637","Primary",41,9.33678756476684,"P. candidus"
"1638","Primary",42,8.92746113989637,"P. candidus"
"1639","Primary",43,9.40932642487047,"P. candidus"
"1640","Primary",44,9.1139896373057,"P. candidus"
"1641","Primary",45,9.40932642487046,"P. candidus"
"1642","Primary",46,8.55958549222798,"P. candidus"
"1643","Primary",47,8.1139896373057,"P. candidus"
"1644","Primary",48,7.1139896373057,"P. candidus"
"1645","Primary",49,7.66839378238342,"P. candidus"
"1646","Primary",5,7.30051813471503,"P. candidus"
"1647","Primary",50,8.2279792746114,"P. candidus"
"1648","Primary",51,7.63212435233161,"P. candidus"
"1649","Primary",52,9.37305699481865,"P. candidus"
"1650","Primary",53,8.33678756476684,"P. candidus"
"1651","Primary",54,9.55958549222798,"P. candidus"
"1652","Primary",55,9.6321243523316,"P. candidus"
"1653","Primary",56,7.81865284974093,"P. candidus"
"1654","Primary",57,8.81865284974093,"P. candidus"
"1655","Primary",58,10.3367875647668,"P. candidus"
"1656","Primary",59,8.37305699481865,"P. candidus"
"1657","Primary",6,10.6683937823834,"P. candidus"
"1658","Primary",60,8.66839378238342,"P. candidus"
"1659","Primary",61,7.37305699481865,"P. candidus"
"1660","Primary",62,8.37305699481865,"P. candidus"
"1661","Primary",63,9.1139896373057,"P. candidus"
"1662","Primary",64,8.6321243523316,"P. candidus"
"1663","Primary",65,8.92746113989637,"P. candidus"
"1664","Primary",66,8.59585492227979,"P. candidus"
"1665","Primary",67,8.59585492227979,"P. candidus"
"1666","Primary",68,9.92746113989637,"P. candidus"
"1667","Primary",69,7.37305699481865,"P. candidus"
"1668","Primary",7,8.96373056994819,"P. candidus"
"1669","Primary",70,7.59585492227979,"P. candidus"
"1670","Primary",71,7.92746113989637,"P. candidus"
"1671","Primary",72,8.59585492227979,"P. candidus"
"1672","Primary",73,8.33678756476684,"P. candidus"
"1673","Primary",74,9.6321243523316,"P. candidus"
"1674","Primary",75,8.55958549222798,"P. candidus"
"1675","Primary",76,8.40932642487047,"P. candidus"
"1676","Primary",77,8.44559585492228,"P. candidus"
"1677","Primary",78,9.18652849740933,"P. candidus"
"1678","Primary",79,9.40932642487047,"P. candidus"
"1679","Primary",8,9.7461139896373,"P. candidus"
"1680","Primary",80,8.07772020725388,"P. candidus"
"1681","Primary",81,10.5958549222798,"P. candidus"
"1682","Primary",82,7.63212435233161,"P. candidus"
"1683","Primary",83,7.92746113989637,"P. candidus"
"1684","Primary",84,7.85492227979274,"P. candidus"
"1685","Primary",85,7.89119170984456,"P. candidus"
"1686","Primary",86,9.37305699481865,"P. candidus"
"1687","Primary",87,8.40932642487047,"P. candidus"
"1688","Primary",88,9.37305699481865,"P. candidus"
"1689","Primary",89,8.70466321243523,"P. candidus"
"1690","Primary",9,8.70466321243523,"P. candidus"
"1691","Primary",90,7.63212435233161,"P. candidus"
"1692","Primary",91,8.15025906735751,"P. candidus"
"1693","Primary",92,8.07772020725388,"P. candidus"
"1694","Primary",93,9.92746113989637,"P. candidus"
"1695","Primary",94,9.33678756476684,"P. candidus"
"1696","Primary",95,9.33678756476684,"P. candidus"
"1697","Primary",96,8.81865284974093,"P. candidus"
"1698","Primary",97,7.85492227979274,"P. candidus"
"1699","Primary",98,9.15025906735751,"P. candidus"
"1700","Primary",99,8.89119170984456,"P. candidus"
"1701","Savoko",1,0,"P. candidus"
"1702","Savoko",10,0,"P. candidus"
"1703","Savoko",100,0,"P. candidus"
"1704","Savoko",11,0,"P. candidus"
"1705","Savoko",12,0,"P. candidus"
"1706","Savoko",13,0,"P. candidus"
"1707","Savoko",14,0,"P. candidus"
"1708","Savoko",15,0,"P. candidus"
"1709","Savoko",16,0,"P. candidus"
"1710","Savoko",17,0,"P. candidus"
"1711","Savoko",18,0,"P. candidus"
"1712","Savoko",19,0,"P. candidus"
"1713","Savoko",2,0,"P. candidus"
"1714","Savoko",20,0,"P. candidus"
"1715","Savoko",21,0,"P. candidus"
"1716","Savoko",22,0,"P. candidus"
"1717","Savoko",23,0,"P. candidus"
"1718","Savoko",24,0,"P. candidus"
"1719","Savoko",25,0,"P. candidus"
"1720","Savoko",26,0,"P. candidus"
"1721","Savoko",27,0,"P. candidus"
"1722","Savoko",28,0,"P. candidus"
"1723","Savoko",29,0,"P. candidus"
"1724","Savoko",3,0,"P. candidus"
"1725","Savoko",30,0,"P. candidus"
"1726","Savoko",31,0,"P. candidus"
"1727","Savoko",32,0,"P. candidus"
"1728","Savoko",33,0,"P. candidus"
"1729","Savoko",34,0,"P. candidus"
"1730","Savoko",35,0,"P. candidus"
"1731","Savoko",36,0,"P. candidus"
"1732","Savoko",37,0,"P. candidus"
"1733","Savoko",38,0,"P. candidus"
"1734","Savoko",39,0,"P. candidus"
"1735","Savoko",4,0,"P. candidus"
"1736","Savoko",40,0,"P. candidus"
"1737","Savoko",41,0,"P. candidus"
"1738","Savoko",42,0,"P. candidus"
"1739","Savoko",43,0,"P. candidus"
"1740","Savoko",44,0,"P. candidus"
"1741","Savoko",45,0,"P. candidus"
"1742","Savoko",46,0,"P. candidus"
"1743","Savoko",47,0,"P. candidus"
"1744","Savoko",48,0,"P. candidus"
"1745","Savoko",49,0,"P. candidus"
"1746","Savoko",5,0,"P. candidus"
"1747","Savoko",50,0,"P. candidus"
"1748","Savoko",51,0,"P. candidus"
"1749","Savoko",52,0,"P. candidus"
"1750","Savoko",53,0,"P. candidus"
"1751","Savoko",54,0,"P. candidus"
"1752","Savoko",55,0,"P. candidus"
"1753","Savoko",56,0,"P. candidus"
"1754","Savoko",57,0,"P. candidus"
"1755","Savoko",58,0,"P. candidus"
"1756","Savoko",59,0,"P. candidus"
"1757","Savoko",6,0,"P. candidus"
"1758","Savoko",60,0,"P. candidus"
"1759","Savoko",61,0,"P. candidus"
"1760","Savoko",62,0,"P. candidus"
"1761","Savoko",63,0,"P. candidus"
"1762","Savoko",64,0,"P. candidus"
"1763","Savoko",65,0,"P. candidus"
"1764","Savoko",66,0,"P. candidus"
"1765","Savoko",67,0,"P. candidus"
"1766","Savoko",68,0,"P. candidus"
"1767","Savoko",69,0,"P. candidus"
"1768","Savoko",7,0,"P. candidus"
"1769","Savoko",70,0,"P. candidus"
"1770","Savoko",71,0,"P. candidus"
"1771","Savoko",72,0,"P. candidus"
"1772","Savoko",73,0,"P. candidus"
"1773","Savoko",74,0,"P. candidus"
"1774","Savoko",75,0,"P. candidus"
"1775","Savoko",76,0,"P. candidus"
"1776","Savoko",77,0,"P. candidus"
"1777","Savoko",78,0,"P. candidus"
"1778","Savoko",79,0,"P. candidus"
"1779","Savoko",8,0,"P. candidus"
"1780","Savoko",80,0,"P. candidus"
"1781","Savoko",81,0,"P. candidus"
"1782","Savoko",82,0,"P. candidus"
"1783","Savoko",83,0,"P. candidus"
"1784","Savoko",84,0,"P. candidus"
"1785","Savoko",85,0,"P. candidus"
"1786","Savoko",86,0,"P. candidus"
"1787","Savoko",87,0,"P. candidus"
"1788","Savoko",88,0,"P. candidus"
"1789","Savoko",89,0,"P. candidus"
"1790","Savoko",9,0,"P. candidus"
"1791","Savoko",90,0,"P. candidus"
"1792","Savoko",91,0,"P. candidus"
"1793","Savoko",92,0,"P. candidus"
"1794","Savoko",93,0,"P. candidus"
"1795","Savoko",94,0,"P. candidus"
"1796","Savoko",95,0,"P. candidus"
"1797","Savoko",96,0,"P. candidus"
"1798","Savoko",97,0,"P. candidus"
"1799","Savoko",98,0,"P. candidus"
"1800","Savoko",99,0,"P. candidus"
